,bid,bid,bid,bid,ask,ask,ask,ask,last,last,last,last,last
,Open,High,Low,Close,Open,High,Low,Close,Open,High,Low,Close,Volume
DateTime,,,,,,,,,,,,,
2023-03-03 21:24:00,33396.1,33399.1,33396.1,33398.6,33400.9,33403.9,33400.9,33403.4,,,,,20
2023-03-03 21:25:00,33398.1,33398.6,33397.1,33397.6,33402.9,33403.4,33401.9,33402.4,,,,,9
2023-03-03 21:26:00,33397.1,33404.6,33396.6,33404.6,33401.9,33409.4,33401.4,33409.4,,,,,23
2023-03-03 21:27:00,33404.1,33407.6,33401.1,33403.6,33408.9,33412.4,33405.9,33408.4,,,,,51
2023-03-03 21:28:00,33403.1,33403.1,33397.6,33398.6,33407.9,33407.9,33402.4,33403.4,,,,,24
2023-03-03 21:29:00,33398.1,33401.1,33397.6,33399.6,33402.9,33405.9,33402.4,33404.4,,,,,23
2023-03-03 21:30:00,33399.1,33400.6,33398.1,33398.6,33403.9,33405.4,33402.9,33403.4,,,,,27
2023-03-03 21:31:00,33398.1,33402.1,33398.1,33401.6,33402.9,33406.9,33402.9,33406.4,,,,,32
2023-03-03 21:32:00,33401.1,33402.6,33400.6,33400.6,33405.9,33407.4,33405.4,33405.4,,,,,18
2023-03-03 21:33:00,33399.1,33400.6,33397.1,33397.1,33403.9,33405.4,33401.9,33401.9,,,,,46
2023-03-03 21:34:00,33397.6,33400.6,33397.6,33399.6,33402.4,33405.4,33402.4,33404.4,,,,,20
2023-03-03 21:35:00,33400.1,33401.6,33400.1,33401.6,33404.9,33406.4,33404.9,33406.4,,,,,4
2023-03-03 21:36:00,33401.1,33404.1,33400.6,33400.6,33405.9,33408.9,33405.4,33405.4,,,,,24
2023-03-03 21:37:00,33400.1,33401.1,33399.6,33400.6,33404.9,33405.9,33404.4,33405.4,,,,,10
2023-03-03 21:38:00,33400.1,33402.6,33400.1,33402.6,33404.9,33407.4,33404.9,33407.4,,,,,15
2023-03-03 21:39:00,33402.1,33403.6,33401.6,33403.1,33406.9,33408.4,33406.4,33407.9,,,,,12
2023-03-03 21:40:00,33402.6,33402.6,33402.1,33402.6,33407.4,33407.4,33406.9,33407.4,,,,,2
2023-03-03 21:41:00,33402.1,33403.1,33401.6,33403.1,33406.9,33407.9,33406.4,33407.9,,,,,5
2023-03-03 21:42:00,33402.6,33402.6,33400.6,33401.6,33407.4,33407.4,33405.4,33406.4,,,,,7
2023-03-03 21:43:00,33402.1,33402.1,33400.6,33400.6,33406.9,33406.9,33405.4,33405.4,,,,,6
2023-03-03 21:44:00,33401.1,33401.1,33395.6,33396.6,33405.9,33405.9,33400.4,33401.4,,,,,48
2023-03-03 21:45:00,33397.1,33399.6,33395.1,33399.6,33401.9,33404.4,33399.9,33404.4,,,,,151
2023-03-03 21:46:00,33399.1,33399.1,33397.6,33398.6,33403.9,33403.9,33402.4,33403.4,,,,,32
2023-03-03 21:47:00,33398.1,33399.6,33397.1,33399.6,33402.9,33404.4,33401.9,33404.4,,,,,20
2023-03-03 21:48:00,33400.6,33403.6,33400.6,33403.6,33405.4,33408.4,33405.4,33408.4,,,,,21
2023-03-03 21:49:00,33404.1,33404.1,33399.1,33403.6,33408.9,33408.9,33403.9,33408.4,,,,,27
2023-03-03 21:50:00,33403.1,33404.6,33403.1,33404.6,33407.9,33409.4,33407.9,33409.4,,,,,9
2023-03-03 21:51:00,33405.1,33405.1,33400.1,33400.1,33409.9,33409.9,33404.9,33404.9,,,,,30
2023-03-03 21:52:00,33400.6,33400.6,33400.1,33400.1,33405.4,33405.4,33404.9,33404.9,,,,,3
2023-03-03 21:53:00,33399.6,33399.6,33395.1,33395.1,33404.4,33404.4,33399.9,33399.9,,,,,18
2023-03-03 21:54:00,33394.6,33397.6,33394.1,33394.6,33399.4,33402.4,33398.9,33399.4,,,,,44
2023-03-03 21:55:00,33395.1,33395.6,33391.6,33393.6,33399.9,33400.4,33396.4,33398.4,,,,,66
2023-03-03 21:56:00,33393.1,33393.1,33392.1,33393.1,33397.9,33397.9,33396.9,33397.9,,,,,9
2023-03-03 21:57:00,33393.6,33397.1,33393.6,33397.1,33398.4,33401.9,33398.4,33401.9,,,,,7
2023-03-03 21:58:00,33397.6,33398.6,33388.1,33388.1,33402.4,33403.4,33392.9,33392.9,,,,,170
2023-03-03 21:59:00,33388.6,33398.1,33387.1,33395.0,33393.4,33406.4,33391.9,33404.8,,,,,17
2023-03-05 23:00:00,33359.6,33360.6,33346.6,33346.6,33364.4,33365.4,33351.4,33351.4,,,,,92
2023-03-05 23:01:00,33347.1,33352.6,33340.1,33342.1,33351.9,33357.4,33344.9,33346.9,,,,,110
2023-03-05 23:02:00,33342.6,33346.1,33338.1,33343.6,33347.4,33350.9,33342.9,33348.4,,,,,69
2023-03-05 23:03:00,33341.6,33343.6,33339.6,33341.1,33346.4,33348.4,33344.4,33345.9,,,,,34
2023-03-05 23:04:00,33340.6,33343.1,33338.6,33343.1,33345.4,33347.9,33343.4,33347.9,,,,,23
2023-03-05 23:05:00,33343.6,33347.1,33342.1,33346.6,33348.4,33351.9,33346.9,33351.4,,,,,26
2023-03-05 23:06:00,33346.1,33346.6,33342.1,33342.1,33350.9,33351.4,33346.9,33346.9,,,,,21
2023-03-05 23:07:00,33343.1,33345.6,33342.6,33343.6,33347.9,33350.4,33347.4,33348.4,,,,,25
2023-03-05 23:08:00,33343.1,33347.6,33341.1,33341.6,33347.9,33352.4,33345.9,33346.4,,,,,46
2023-03-05 23:09:00,33342.1,33349.6,33342.1,33345.1,33346.9,33354.4,33346.9,33349.9,,,,,42
2023-03-05 23:10:00,33345.6,33347.6,33333.1,33338.6,33350.4,33352.4,33337.9,33343.4,,,,,143
2023-03-05 23:11:00,33339.1,33348.6,33338.6,33347.1,33343.9,33353.4,33343.4,33351.9,,,,,55
2023-03-05 23:12:00,33347.6,33348.6,33345.6,33346.6,33352.4,33353.4,33350.4,33351.4,,,,,9
2023-03-05 23:13:00,33348.6,33354.6,33347.1,33354.6,33353.4,33359.4,33351.9,33359.4,,,,,39
2023-03-05 23:14:00,33354.1,33357.6,33352.6,33353.1,33358.9,33362.4,33357.4,33357.9,,,,,12
2023-03-05 23:15:00,33352.6,33354.6,33351.6,33353.6,33357.4,33359.4,33356.4,33358.4,,,,,10
2023-03-05 23:16:00,33354.1,33354.1,33348.6,33349.6,33358.9,33358.9,33353.4,33354.4,,,,,16
2023-03-05 23:17:00,33349.1,33352.6,33341.6,33352.6,33353.9,33357.4,33346.4,33357.4,,,,,72
2023-03-05 23:18:00,33352.1,33353.6,33349.6,33350.6,33356.9,33358.4,33354.4,33355.4,,,,,5
2023-03-05 23:19:00,33351.1,33351.1,33343.6,33344.6,33355.9,33355.9,33348.4,33349.4,,,,,27
2023-03-05 23:20:00,33344.1,33349.1,33344.1,33344.6,33348.9,33353.9,33348.9,33349.4,,,,,23
2023-03-05 23:21:00,33345.1,33345.6,33339.1,33343.6,33349.9,33350.4,33343.9,33348.4,,,,,28
2023-03-05 23:22:00,33343.1,33343.1,33336.6,33338.1,33347.9,33347.9,33341.4,33342.9,,,,,41
2023-03-05 23:23:00,33337.6,33341.6,33333.6,33335.6,33342.4,33346.4,33338.4,33340.4,,,,,39
2023-03-05 23:24:00,33336.1,33339.6,33335.6,33337.1,33340.9,33344.4,33340.4,33341.9,,,,,50
2023-03-05 23:25:00,33336.6,33337.6,33335.1,33336.6,33341.4,33342.4,33339.9,33341.4,,,,,22
2023-03-05 23:26:00,33336.1,33339.1,33335.1,33336.1,33340.9,33343.9,33339.9,33340.9,,,,,12
2023-03-05 23:27:00,33334.6,33339.6,33334.6,33339.1,33339.4,33344.4,33339.4,33343.9,,,,,20
2023-03-05 23:28:00,33338.6,33338.6,33336.1,33336.6,33343.4,33343.4,33340.9,33341.4,,,,,10
2023-03-05 23:29:00,33337.1,33337.1,33334.6,33335.6,33341.9,33341.9,33339.4,33340.4,,,,,7
2023-03-05 23:30:00,33336.1,33337.6,33334.6,33335.6,33340.9,33342.4,33339.4,33340.4,,,,,12
2023-03-05 23:31:00,33335.1,33338.6,33334.6,33338.6,33339.9,33343.4,33339.4,33343.4,,,,,5
2023-03-05 23:32:00,33338.1,33346.6,33338.1,33345.6,33342.9,33351.4,33342.9,33350.4,,,,,48
2023-03-05 23:33:00,33345.1,33346.6,33343.6,33345.1,33349.9,33351.4,33348.4,33349.9,,,,,14
2023-03-05 23:34:00,33345.6,33347.1,33344.6,33346.1,33350.4,33351.9,33349.4,33350.9,,,,,16
2023-03-05 23:35:00,33345.6,33349.1,33344.6,33348.6,33350.4,33353.9,33349.4,33353.4,,,,,10
2023-03-05 23:36:00,33348.1,33350.6,33348.1,33348.6,33352.9,33355.4,33352.9,33353.4,,,,,8
2023-03-05 23:37:00,33348.1,33353.6,33347.6,33352.1,33352.9,33358.4,33352.4,33356.9,,,,,21
2023-03-05 23:38:00,33351.6,33354.1,33350.6,33353.6,33356.4,33358.9,33355.4,33358.4,,,,,16
2023-03-05 23:39:00,33353.1,33355.1,33350.1,33350.1,33357.9,33359.9,33354.9,33354.9,,,,,35
2023-03-05 23:40:00,33350.6,33351.1,33350.1,33350.6,33355.4,33355.9,33354.9,33355.4,,,,,8
2023-03-05 23:41:00,33350.1,33351.6,33350.1,33351.1,33354.9,33356.4,33354.9,33355.9,,,,,9
2023-03-05 23:42:00,33351.6,33351.6,33350.1,33350.6,33356.4,33356.4,33354.9,33355.4,,,,,8
2023-03-05 23:43:00,33350.1,33350.6,33348.6,33348.6,33354.9,33355.4,33353.4,33353.4,,,,,17
2023-03-05 23:44:00,33349.1,33349.1,33346.6,33348.1,33353.9,33353.9,33351.4,33352.9,,,,,35
2023-03-05 23:45:00,33348.6,33350.6,33344.6,33344.6,33353.4,33355.4,33349.4,33349.4,,,,,21
2023-03-05 23:46:00,33345.1,33347.1,33344.6,33346.6,33349.9,33351.9,33349.4,33351.4,,,,,8
2023-03-05 23:47:00,33347.1,33351.1,33346.6,33349.1,33351.9,33355.9,33351.4,33353.9,,,,,28
2023-03-05 23:48:00,33349.6,33351.1,33348.6,33348.6,33354.4,33355.9,33353.4,33353.4,,,,,4
2023-03-05 23:49:00,33349.1,33349.6,33348.6,33349.6,33353.9,33354.4,33353.4,33354.4,,,,,8
2023-03-05 23:50:00,33350.1,33350.6,33348.6,33349.6,33354.9,33355.4,33353.4,33354.4,,,,,6
2023-03-05 23:51:00,33349.1,33350.1,33346.6,33346.6,33353.9,33354.9,33351.4,33351.4,,,,,5
2023-03-05 23:52:00,33346.1,33347.6,33345.6,33345.6,33350.9,33352.4,33350.4,33350.4,,,,,5
2023-03-05 23:53:00,33345.1,33345.1,33342.6,33345.1,33349.9,33349.9,33347.4,33349.9,,,,,12
2023-03-05 23:54:00,33345.6,33353.6,33345.6,33352.6,33350.4,33358.4,33350.4,33357.4,,,,,55
2023-03-05 23:55:00,33353.1,33353.1,33351.1,33351.6,33357.9,33357.9,33355.9,33356.4,,,,,6
2023-03-05 23:56:00,33351.1,33351.6,33347.1,33347.1,33355.9,33356.4,33351.9,33351.9,,,,,13
2023-03-05 23:57:00,33346.6,33347.6,33345.6,33345.6,33351.4,33352.4,33350.4,33350.4,,,,,8
2023-03-05 23:58:00,33346.1,33350.6,33346.1,33348.6,33350.9,33355.4,33350.9,33353.4,,,,,10
2023-03-05 23:59:00,33348.1,33349.6,33347.1,33347.6,33352.9,33354.4,33351.9,33352.4,,,,,4
2023-03-06 00:00:00,33347.1,33351.6,33346.1,33351.1,33351.9,33356.4,33350.9,33355.9,,,,,27
2023-03-06 00:01:00,33351.6,33356.6,33351.1,33355.6,33356.4,33361.4,33355.9,33360.4,,,,,16
2023-03-06 00:02:00,33355.1,33356.6,33353.1,33355.6,33359.9,33361.4,33357.9,33360.4,,,,,30
2023-03-06 00:03:00,33355.1,33356.1,33353.1,33353.6,33359.9,33360.9,33357.9,33358.4,,,,,6
2023-03-06 00:04:00,33354.1,33355.6,33353.1,33355.6,33358.9,33360.4,33357.9,33360.4,,,,,7
2023-03-06 00:05:00,33354.6,33357.1,33351.1,33356.6,33359.4,33361.9,33355.9,33361.4,,,,,25
2023-03-06 00:06:00,33357.1,33362.6,33357.1,33358.6,33361.9,33367.4,33361.9,33363.4,,,,,38
2023-03-06 00:07:00,33359.1,33360.6,33350.1,33351.6,33363.9,33365.4,33354.9,33356.4,,,,,15
2023-03-06 00:08:00,33352.1,33352.1,33347.6,33350.6,33356.9,33356.9,33352.4,33355.4,,,,,54
2023-03-06 00:09:00,33351.1,33352.1,33346.1,33348.1,33355.9,33356.9,33350.9,33352.9,,,,,41
2023-03-06 00:10:00,33348.6,33348.6,33346.1,33347.6,33353.4,33353.4,33350.9,33352.4,,,,,16
2023-03-06 00:11:00,33348.1,33349.1,33344.1,33345.6,33352.9,33353.9,33348.9,33350.4,,,,,25
2023-03-06 00:12:00,33345.1,33348.1,33344.6,33347.6,33349.9,33352.9,33349.4,33352.4,,,,,57
2023-03-06 00:13:00,33348.1,33350.1,33346.6,33347.1,33352.9,33354.9,33351.4,33351.9,,,,,7
2023-03-06 00:14:00,33347.6,33348.6,33345.6,33346.6,33352.4,33353.4,33350.4,33351.4,,,,,8
2023-03-06 00:15:00,33347.1,33351.1,33343.6,33350.1,33351.9,33355.9,33348.4,33354.9,,,,,17
2023-03-06 00:16:00,33350.6,33351.6,33340.1,33341.6,33355.4,33356.4,33344.9,33346.4,,,,,22
2023-03-06 00:17:00,33342.1,33343.6,33339.1,33342.6,33346.9,33348.4,33343.9,33347.4,,,,,19
2023-03-06 00:18:00,33341.6,33345.1,33341.1,33344.6,33346.4,33349.9,33345.9,33349.4,,,,,64
2023-03-06 00:19:00,33345.1,33345.1,33342.1,33342.6,33349.9,33349.9,33346.9,33347.4,,,,,28
2023-03-06 00:20:00,33342.1,33345.6,33341.6,33344.6,33346.9,33350.4,33346.4,33349.4,,,,,3
2023-03-06 00:21:00,33345.1,33348.6,33343.6,33346.6,33349.9,33353.4,33348.4,33351.4,,,,,4
2023-03-06 00:22:00,33345.6,33347.6,33344.6,33347.6,33350.4,33352.4,33349.4,33352.4,,,,,9
2023-03-06 00:23:00,33347.1,33353.1,33347.1,33350.6,33351.9,33357.9,33351.9,33355.4,,,,,26
2023-03-06 00:24:00,33351.1,33354.1,33350.1,33350.6,33355.9,33358.9,33354.9,33355.4,,,,,16
2023-03-06 00:25:00,33350.1,33353.6,33350.1,33352.1,33354.9,33358.4,33354.9,33356.9,,,,,8
2023-03-06 00:26:00,33352.6,33355.1,33352.1,33353.6,33357.4,33359.9,33356.9,33358.4,,,,,7
2023-03-06 00:27:00,33353.1,33358.6,33352.6,33358.6,33357.9,33363.4,33357.4,33363.4,,,,,18
2023-03-06 00:28:00,33357.6,33364.6,33357.6,33361.6,33362.4,33369.4,33362.4,33366.4,,,,,47
2023-03-06 00:29:00,33361.1,33364.1,33361.1,33362.6,33365.9,33368.9,33365.9,33367.4,,,,,23
2023-03-06 00:30:00,33362.1,33364.1,33360.6,33361.1,33366.9,33368.9,33365.4,33365.9,,,,,14
2023-03-06 00:31:00,33362.6,33365.1,33361.1,33361.6,33367.4,33369.9,33365.9,33366.4,,,,,36
2023-03-06 00:32:00,33361.1,33362.6,33358.1,33358.6,33365.9,33367.4,33362.9,33363.4,,,,,30
2023-03-06 00:33:00,33358.1,33359.6,33353.1,33354.6,33362.9,33364.4,33357.9,33359.4,,,,,17
2023-03-06 00:34:00,33354.1,33354.6,33351.6,33352.1,33358.9,33359.4,33356.4,33356.9,,,,,8
2023-03-06 00:35:00,33351.6,33354.1,33351.6,33354.1,33356.4,33358.9,33356.4,33358.9,,,,,14
2023-03-06 00:36:00,33354.6,33356.1,33354.6,33354.6,33359.4,33360.9,33359.4,33359.4,,,,,7
2023-03-06 00:37:00,33355.1,33358.6,33354.6,33358.6,33359.9,33363.4,33359.4,33363.4,,,,,11
2023-03-06 00:38:00,33358.1,33359.1,33355.6,33356.6,33362.9,33363.9,33360.4,33361.4,,,,,4
2023-03-06 00:39:00,33356.1,33357.6,33353.6,33354.6,33360.9,33362.4,33358.4,33359.4,,,,,6
2023-03-06 00:40:00,33355.6,33356.6,33351.6,33354.6,33360.4,33361.4,33356.4,33359.4,,,,,13
2023-03-06 00:41:00,33354.1,33354.6,33352.1,33353.6,33358.9,33359.4,33356.9,33358.4,,,,,12
2023-03-06 00:42:00,33354.1,33356.6,33352.6,33354.6,33358.9,33361.4,33357.4,33359.4,,,,,15
2023-03-06 00:43:00,33354.1,33354.6,33352.1,33352.6,33358.9,33359.4,33356.9,33357.4,,,,,10
2023-03-06 00:44:00,33353.1,33354.6,33352.1,33354.6,33357.9,33359.4,33356.9,33359.4,,,,,14
2023-03-06 00:45:00,33354.1,33355.6,33352.1,33352.6,33358.9,33360.4,33356.9,33357.4,,,,,7
2023-03-06 00:46:00,33352.1,33355.6,33352.1,33355.6,33356.9,33360.4,33356.9,33360.4,,,,,4
2023-03-06 00:47:00,33356.1,33358.6,33355.6,33357.6,33360.9,33363.4,33360.4,33362.4,,,,,12
2023-03-06 00:48:00,33358.1,33359.6,33356.6,33356.6,33362.9,33364.4,33361.4,33361.4,,,,,6
2023-03-06 00:49:00,33357.1,33358.6,33356.6,33358.6,33361.9,33363.4,33361.4,33363.4,,,,,3
2023-03-06 00:50:00,33358.1,33360.1,33355.1,33355.6,33362.9,33364.9,33359.9,33360.4,,,,,6
2023-03-06 00:51:00,33356.1,33357.6,33354.6,33357.1,33360.9,33362.4,33359.4,33361.9,,,,,3
2023-03-06 00:52:00,33357.6,33357.6,33356.1,33356.6,33362.4,33362.4,33360.9,33361.4,,,,,0
2023-03-06 00:53:00,33357.1,33357.6,33356.6,33357.6,33361.9,33362.4,33361.4,33362.4,,,,,1
2023-03-06 00:54:00,33358.1,33358.6,33356.1,33356.6,33362.9,33363.4,33360.9,33361.4,,,,,2
2023-03-06 00:55:00,33356.1,33358.6,33355.1,33356.1,33360.9,33363.4,33359.9,33360.9,,,,,10
2023-03-06 00:56:00,33356.6,33357.1,33354.6,33355.6,33361.4,33361.9,33359.4,33360.4,,,,,15
2023-03-06 00:57:00,33355.1,33358.6,33355.1,33355.1,33359.9,33363.4,33359.9,33359.9,,,,,8
2023-03-06 00:58:00,33355.6,33357.6,33355.1,33356.6,33360.4,33362.4,33359.9,33361.4,,,,,26
2023-03-06 00:59:00,33356.1,33361.1,33356.1,33359.6,33360.9,33365.9,33360.9,33364.4,,,,,10
2023-03-06 01:00:00,33359.1,33359.6,33356.1,33356.1,33363.9,33364.4,33360.9,33360.9,,,,,6
2023-03-06 01:01:00,33355.6,33357.6,33354.6,33356.6,33360.4,33362.4,33359.4,33361.4,,,,,11
2023-03-06 01:02:00,33356.1,33360.6,33355.6,33357.6,33360.9,33365.4,33360.4,33362.4,,,,,33
2023-03-06 01:03:00,33357.1,33358.6,33355.6,33358.6,33361.9,33363.4,33360.4,33363.4,,,,,9
2023-03-06 01:04:00,33358.1,33361.6,33357.6,33360.6,33362.9,33366.4,33362.4,33365.4,,,,,8
2023-03-06 01:05:00,33360.1,33360.6,33348.6,33349.6,33364.9,33365.4,33353.4,33354.4,,,,,169
2023-03-06 01:06:00,33349.1,33361.1,33349.1,33359.6,33353.9,33365.9,33353.9,33364.4,,,,,48
2023-03-06 01:07:00,33359.1,33359.6,33356.6,33357.6,33363.9,33364.4,33361.4,33362.4,,,,,10
2023-03-06 01:08:00,33357.1,33357.6,33349.1,33349.6,33361.9,33362.4,33353.9,33354.4,,,,,17
2023-03-06 01:09:00,33349.1,33350.1,33348.6,33349.6,33353.9,33354.9,33353.4,33354.4,,,,,8
2023-03-06 01:10:00,33349.1,33350.6,33348.1,33348.6,33353.9,33355.4,33352.9,33353.4,,,,,9
2023-03-06 01:11:00,33348.1,33348.1,33345.1,33345.6,33352.9,33352.9,33349.9,33350.4,,,,,20
2023-03-06 01:12:00,33346.1,33351.1,33345.1,33345.6,33350.9,33355.9,33349.9,33350.4,,,,,22
2023-03-06 01:13:00,33346.1,33348.6,33345.6,33347.6,33350.9,33353.4,33350.4,33352.4,,,,,15
2023-03-06 01:14:00,33347.1,33349.6,33344.1,33348.6,33351.9,33354.4,33348.9,33353.4,,,,,41
2023-03-06 01:15:00,33349.1,33349.1,33344.6,33345.1,33353.9,33353.9,33349.4,33349.9,,,,,49
2023-03-06 01:16:00,33346.6,33349.6,33344.6,33348.6,33351.4,33354.4,33349.4,33353.4,,,,,30
2023-03-06 01:17:00,33349.1,33350.1,33344.6,33345.6,33353.9,33354.9,33349.4,33350.4,,,,,11
2023-03-06 01:18:00,33345.1,33346.6,33343.6,33346.1,33349.9,33351.4,33348.4,33350.9,,,,,15
2023-03-06 01:19:00,33345.6,33349.1,33343.6,33348.6,33350.4,33353.9,33348.4,33353.4,,,,,20
2023-03-06 01:20:00,33349.1,33349.1,33346.6,33346.6,33353.9,33353.9,33351.4,33351.4,,,,,11
2023-03-06 01:21:00,33347.1,33347.6,33345.1,33345.6,33351.9,33352.4,33349.9,33350.4,,,,,17
2023-03-06 01:22:00,33346.1,33350.1,33345.6,33349.1,33350.9,33354.9,33350.4,33353.9,,,,,10
2023-03-06 01:23:00,33348.6,33351.6,33348.6,33351.6,33353.4,33356.4,33353.4,33356.4,,,,,14
2023-03-06 01:24:00,33352.1,33353.1,33349.6,33349.6,33356.9,33357.9,33354.4,33354.4,,,,,15
2023-03-06 01:25:00,33350.1,33352.6,33349.6,33351.6,33354.9,33357.4,33354.4,33356.4,,,,,12
2023-03-06 01:26:00,33352.1,33356.6,33352.1,33355.6,33356.9,33361.4,33356.9,33360.4,,,,,12
2023-03-06 01:27:00,33356.1,33359.6,33355.6,33357.6,33360.9,33364.4,33360.4,33362.4,,,,,17
2023-03-06 01:28:00,33357.1,33360.1,33356.6,33359.1,33361.9,33364.9,33361.4,33363.9,,,,,8
2023-03-06 01:29:00,33359.6,33360.1,33358.1,33359.6,33364.4,33364.9,33362.9,33364.4,,,,,21
2023-03-06 01:30:00,33359.1,33374.6,33359.1,33368.6,33363.9,33379.4,33363.9,33373.4,,,,,131
2023-03-06 01:31:00,33369.1,33376.1,33367.6,33372.6,33373.9,33380.9,33372.4,33377.4,,,,,102
2023-03-06 01:32:00,33373.1,33380.1,33373.1,33375.6,33377.9,33384.9,33377.9,33380.4,,,,,32
2023-03-06 01:33:00,33375.1,33381.1,33373.6,33380.6,33379.9,33385.9,33378.4,33385.4,,,,,32
2023-03-06 01:34:00,33381.1,33381.6,33376.6,33377.1,33385.9,33386.4,33381.4,33381.9,,,,,36
2023-03-06 01:35:00,33376.6,33378.1,33374.1,33374.6,33381.4,33382.9,33378.9,33379.4,,,,,21
2023-03-06 01:36:00,33375.1,33376.6,33372.1,33373.6,33379.9,33381.4,33376.9,33378.4,,,,,21
2023-03-06 01:37:00,33374.1,33376.6,33371.6,33375.6,33378.9,33381.4,33376.4,33380.4,,,,,9
2023-03-06 01:38:00,33375.1,33377.1,33372.6,33376.6,33379.9,33381.9,33377.4,33381.4,,,,,6
2023-03-06 01:39:00,33376.1,33386.6,33374.6,33382.6,33380.9,33391.4,33379.4,33387.4,,,,,148
2023-03-06 01:40:00,33382.1,33386.6,33381.1,33384.6,33386.9,33391.4,33385.9,33389.4,,,,,44
2023-03-06 01:41:00,33384.1,33384.6,33377.6,33379.6,33388.9,33389.4,33382.4,33384.4,,,,,36
2023-03-06 01:42:00,33379.1,33379.6,33376.1,33379.1,33383.9,33384.4,33380.9,33383.9,,,,,9
2023-03-06 01:43:00,33378.6,33380.6,33377.1,33379.6,33383.4,33385.4,33381.9,33384.4,,,,,39
2023-03-06 01:44:00,33379.1,33381.1,33378.6,33379.6,33383.9,33385.9,33383.4,33384.4,,,,,18
2023-03-06 01:45:00,33380.1,33381.6,33376.6,33377.6,33384.9,33386.4,33381.4,33382.4,,,,,23
2023-03-06 01:46:00,33377.1,33378.6,33374.6,33375.6,33381.9,33383.4,33379.4,33380.4,,,,,9
2023-03-06 01:47:00,33376.1,33377.1,33374.1,33377.1,33380.9,33381.9,33378.9,33381.9,,,,,5
2023-03-06 01:48:00,33377.6,33382.6,33377.6,33382.6,33382.4,33387.4,33382.4,33387.4,,,,,17
2023-03-06 01:49:00,33382.1,33383.1,33380.6,33381.1,33386.9,33387.9,33385.4,33385.9,,,,,7
2023-03-06 01:50:00,33380.6,33384.6,33379.1,33384.1,33385.4,33389.4,33383.9,33388.9,,,,,23
2023-03-06 01:51:00,33384.6,33384.6,33379.6,33380.6,33389.4,33389.4,33384.4,33385.4,,,,,19
2023-03-06 01:52:00,33380.1,33383.1,33379.6,33382.1,33384.9,33387.9,33384.4,33386.9,,,,,5
2023-03-06 01:53:00,33381.6,33384.6,33379.1,33380.6,33386.4,33389.4,33383.9,33385.4,,,,,16
2023-03-06 01:54:00,33381.6,33382.1,33378.1,33378.6,33386.4,33386.9,33382.9,33383.4,,,,,20
2023-03-06 01:55:00,33379.1,33383.6,33379.1,33382.6,33383.9,33388.4,33383.9,33387.4,,,,,7
2023-03-06 01:56:00,33384.6,33384.6,33378.1,33378.6,33389.4,33389.4,33382.9,33383.4,,,,,14
2023-03-06 01:57:00,33379.1,33381.6,33379.1,33379.6,33383.9,33386.4,33383.9,33384.4,,,,,18
2023-03-06 01:58:00,33379.1,33380.1,33377.6,33379.1,33383.9,33384.9,33382.4,33383.9,,,,,35
2023-03-06 01:59:00,33380.1,33380.6,33377.6,33378.1,33384.9,33385.4,33382.4,33382.9,,,,,28
2023-03-06 02:00:00,33378.6,33378.6,33375.1,33377.6,33383.4,33383.4,33379.9,33382.4,,,,,24
2023-03-06 02:01:00,33378.1,33379.1,33373.1,33373.6,33382.9,33383.9,33377.9,33378.4,,,,,18
2023-03-06 02:02:00,33374.1,33374.1,33370.6,33371.6,33378.9,33378.9,33375.4,33376.4,,,,,24
2023-03-06 02:03:00,33371.1,33374.6,33369.6,33370.6,33375.9,33379.4,33374.4,33375.4,,,,,11
2023-03-06 02:04:00,33371.6,33373.1,33370.1,33370.6,33376.4,33377.9,33374.9,33375.4,,,,,19
2023-03-06 02:05:00,33370.1,33372.1,33368.1,33370.6,33374.9,33376.9,33372.9,33375.4,,,,,13
2023-03-06 02:06:00,33371.1,33371.1,33369.1,33369.6,33375.9,33375.9,33373.9,33374.4,,,,,11
2023-03-06 02:07:00,33369.1,33369.1,33365.6,33366.1,33373.9,33373.9,33370.4,33370.9,,,,,31
2023-03-06 02:08:00,33366.6,33371.6,33365.6,33370.6,33371.4,33376.4,33370.4,33375.4,,,,,19
2023-03-06 02:09:00,33371.1,33373.1,33370.1,33371.6,33375.9,33377.9,33374.9,33376.4,,,,,11
2023-03-06 02:10:00,33372.1,33372.1,33367.1,33369.1,33376.9,33376.9,33371.9,33373.9,,,,,23
2023-03-06 02:11:00,33368.6,33369.1,33366.6,33367.6,33373.4,33373.9,33371.4,33372.4,,,,,14
2023-03-06 02:12:00,33367.1,33368.6,33366.6,33368.6,33371.9,33373.4,33371.4,33373.4,,,,,13
2023-03-06 02:13:00,33368.1,33370.1,33366.6,33367.6,33372.9,33374.9,33371.4,33372.4,,,,,12
2023-03-06 02:14:00,33368.1,33372.1,33367.6,33371.6,33372.9,33376.9,33372.4,33376.4,,,,,43
2023-03-06 02:15:00,33372.1,33375.1,33370.6,33373.6,33376.9,33379.9,33375.4,33378.4,,,,,10
2023-03-06 02:16:00,33374.1,33376.1,33373.6,33376.1,33378.9,33380.9,33378.4,33380.9,,,,,6
2023-03-06 02:17:00,33375.6,33378.6,33375.6,33378.6,33380.4,33383.4,33380.4,33383.4,,,,,5
2023-03-06 02:18:00,33379.1,33381.1,33377.6,33379.6,33383.9,33385.9,33382.4,33384.4,,,,,21
2023-03-06 02:19:00,33379.1,33380.1,33378.1,33378.1,33383.9,33384.9,33382.9,33382.9,,,,,4
2023-03-06 02:20:00,33377.1,33377.1,33370.6,33373.6,33381.9,33381.9,33375.4,33378.4,,,,,21
2023-03-06 02:21:00,33373.1,33374.6,33371.6,33372.1,33377.9,33379.4,33376.4,33376.9,,,,,2
2023-03-06 02:22:00,33372.6,33372.6,33370.6,33370.6,33377.4,33377.4,33375.4,33375.4,,,,,8
2023-03-06 02:23:00,33371.1,33373.1,33371.1,33372.6,33375.9,33377.9,33375.9,33377.4,,,,,12
2023-03-06 02:24:00,33373.1,33375.6,33372.6,33375.6,33377.9,33380.4,33377.4,33380.4,,,,,17
2023-03-06 02:25:00,33376.1,33377.6,33373.6,33373.6,33380.9,33382.4,33378.4,33378.4,,,,,5
2023-03-06 02:26:00,33373.1,33373.6,33370.6,33371.6,33377.9,33378.4,33375.4,33376.4,,,,,2
2023-03-06 02:27:00,33372.1,33375.1,33370.6,33375.1,33376.9,33379.9,33375.4,33379.9,,,,,4
2023-03-06 02:28:00,33374.6,33376.6,33374.6,33376.6,33379.4,33381.4,33379.4,33381.4,,,,,3
2023-03-06 02:29:00,33376.1,33377.6,33375.6,33376.6,33380.9,33382.4,33380.4,33381.4,,,,,11
2023-03-06 02:30:00,33376.1,33380.1,33375.6,33380.1,33380.9,33384.9,33380.4,33384.9,,,,,30
2023-03-06 02:31:00,33382.6,33382.6,33379.1,33380.1,33387.4,33387.4,33383.9,33384.9,,,,,18
2023-03-06 02:32:00,33379.6,33380.1,33375.6,33376.6,33384.4,33384.9,33380.4,33381.4,,,,,2
2023-03-06 02:33:00,33377.6,33380.1,33376.6,33380.1,33382.4,33384.9,33381.4,33384.9,,,,,1
2023-03-06 02:34:00,33379.6,33380.6,33375.1,33378.6,33384.4,33385.4,33379.9,33383.4,,,,,4
2023-03-06 02:35:00,33378.1,33379.6,33377.6,33377.6,33382.9,33384.4,33382.4,33382.4,,,,,5
2023-03-06 02:36:00,33377.1,33379.6,33376.1,33378.6,33381.9,33384.4,33380.9,33383.4,,,,,4
2023-03-06 02:37:00,33379.1,33415.1,33379.1,33405.6,33383.9,33419.9,33383.9,33410.4,,,,,477
2023-03-06 02:38:00,33401.6,33412.1,33400.6,33404.6,33406.4,33416.9,33405.4,33409.4,,,,,77
2023-03-06 02:39:00,33406.6,33410.1,33402.6,33405.6,33411.4,33414.9,33407.4,33410.4,,,,,99
2023-03-06 02:40:00,33405.1,33443.6,33400.1,33443.1,33409.9,33448.4,33404.9,33447.9,,,,,500
2023-03-06 02:41:00,33442.6,33443.6,33433.1,33439.6,33447.4,33448.4,33437.9,33444.4,,,,,83
2023-03-06 02:42:00,33439.1,33440.6,33433.1,33440.6,33443.9,33445.4,33437.9,33445.4,,,,,75
2023-03-06 02:43:00,33441.1,33447.6,33434.1,33434.6,33445.9,33452.4,33438.9,33439.4,,,,,69
2023-03-06 02:44:00,33434.1,33437.6,33431.6,33432.6,33438.9,33442.4,33436.4,33437.4,,,,,137
2023-03-06 02:45:00,33432.1,33435.6,33425.6,33426.6,33436.9,33440.4,33430.4,33431.4,,,,,40
2023-03-06 02:46:00,33426.1,33434.1,33426.1,33429.6,33430.9,33438.9,33430.9,33434.4,,,,,71
2023-03-06 02:47:00,33430.6,33438.6,33428.6,33435.6,33435.4,33443.4,33433.4,33440.4,,,,,76
2023-03-06 02:48:00,33435.1,33437.1,33431.6,33431.6,33439.9,33441.9,33436.4,33436.4,,,,,17
2023-03-06 02:49:00,33431.1,33438.6,33431.1,33436.6,33435.9,33443.4,33435.9,33441.4,,,,,18
2023-03-06 02:50:00,33436.1,33438.1,33434.1,33434.6,33440.9,33442.9,33438.9,33439.4,,,,,11
2023-03-06 02:51:00,33435.1,33436.1,33427.6,33430.6,33439.9,33440.9,33432.4,33435.4,,,,,48
2023-03-06 02:52:00,33431.1,33434.1,33426.6,33432.1,33435.9,33438.9,33431.4,33436.9,,,,,38
2023-03-06 02:53:00,33430.1,33433.1,33429.6,33432.6,33434.9,33437.9,33434.4,33437.4,,,,,10
2023-03-06 02:54:00,33433.1,33434.6,33432.1,33432.6,33437.9,33439.4,33436.9,33437.4,,,,,4
2023-03-06 02:55:00,33433.1,33437.1,33431.6,33436.6,33437.9,33441.9,33436.4,33441.4,,,,,14
2023-03-06 02:56:00,33435.1,33436.6,33428.1,33430.6,33439.9,33441.4,33432.9,33435.4,,,,,69
2023-03-06 02:57:00,33430.1,33434.6,33429.1,33432.6,33434.9,33439.4,33433.9,33437.4,,,,,37
2023-03-06 02:58:00,33432.1,33432.1,33429.1,33431.6,33436.9,33436.9,33433.9,33436.4,,,,,15
2023-03-06 02:59:00,33432.1,33432.1,33426.1,33427.6,33436.9,33436.9,33430.9,33432.4,,,,,23
2023-03-06 03:00:00,33428.1,33431.1,33426.6,33430.6,33432.9,33435.9,33431.4,33435.4,,,,,21
2023-03-06 03:01:00,33431.1,33433.1,33430.6,33433.1,33435.9,33437.9,33435.4,33437.9,,,,,6
2023-03-06 03:02:00,33432.6,33433.6,33426.6,33427.6,33437.4,33438.4,33431.4,33432.4,,,,,22
2023-03-06 03:03:00,33427.1,33432.6,33426.6,33428.6,33431.9,33437.4,33431.4,33433.4,,,,,17
2023-03-06 03:04:00,33429.1,33432.6,33428.6,33430.1,33433.9,33437.4,33433.4,33434.9,,,,,20
2023-03-06 03:05:00,33430.6,33433.6,33430.6,33432.1,33435.4,33438.4,33435.4,33436.9,,,,,19
2023-03-06 03:06:00,33431.6,33432.1,33427.6,33427.6,33436.4,33436.9,33432.4,33432.4,,,,,6
2023-03-06 03:07:00,33427.1,33429.6,33426.6,33429.6,33431.9,33434.4,33431.4,33434.4,,,,,1
2023-03-06 03:08:00,33429.1,33429.1,33426.6,33427.6,33433.9,33433.9,33431.4,33432.4,,,,,1
2023-03-06 03:09:00,33428.1,33428.6,33425.6,33426.6,33432.9,33433.4,33430.4,33431.4,,,,,6
2023-03-06 03:10:00,33425.6,33428.1,33424.6,33424.6,33430.4,33432.9,33429.4,33429.4,,,,,17
2023-03-06 03:11:00,33425.1,33426.6,33424.1,33425.6,33429.9,33431.4,33428.9,33430.4,,,,,3
2023-03-06 03:12:00,33427.1,33427.6,33425.6,33426.6,33431.9,33432.4,33430.4,33431.4,,,,,11
2023-03-06 03:13:00,33426.1,33427.1,33424.6,33425.1,33430.9,33431.9,33429.4,33429.9,,,,,8
2023-03-06 03:14:00,33424.6,33425.6,33421.1,33421.1,33429.4,33430.4,33425.9,33425.9,,,,,12
2023-03-06 03:15:00,33420.6,33423.6,33419.6,33421.6,33425.4,33428.4,33424.4,33426.4,,,,,12
2023-03-06 03:16:00,33421.1,33423.6,33420.1,33420.1,33425.9,33428.4,33424.9,33424.9,,,,,7
2023-03-06 03:17:00,33420.6,33425.1,33418.1,33424.6,33425.4,33429.9,33422.9,33429.4,,,,,16
2023-03-06 03:18:00,33425.1,33427.6,33424.6,33426.6,33429.9,33432.4,33429.4,33431.4,,,,,12
2023-03-06 03:19:00,33426.1,33426.6,33421.6,33422.6,33430.9,33431.4,33426.4,33427.4,,,,,15
2023-03-06 03:20:00,33423.1,33423.6,33418.1,33418.1,33427.9,33428.4,33422.9,33422.9,,,,,38
2023-03-06 03:21:00,33417.6,33421.6,33416.1,33421.6,33422.4,33426.4,33420.9,33426.4,,,,,18
2023-03-06 03:22:00,33421.1,33422.1,33420.6,33422.1,33425.9,33426.9,33425.4,33426.9,,,,,3
2023-03-06 03:23:00,33421.6,33422.1,33419.1,33419.6,33426.4,33426.9,33423.9,33424.4,,,,,8
2023-03-06 03:24:00,33419.1,33424.6,33419.1,33423.6,33423.9,33429.4,33423.9,33428.4,,,,,10
2023-03-06 03:25:00,33422.1,33423.6,33421.6,33422.6,33426.9,33428.4,33426.4,33427.4,,,,,13
2023-03-06 03:26:00,33423.1,33425.1,33422.1,33422.6,33427.9,33429.9,33426.9,33427.4,,,,,6
2023-03-06 03:27:00,33423.1,33423.6,33420.6,33422.1,33427.9,33428.4,33425.4,33426.9,,,,,10
2023-03-06 03:28:00,33421.6,33423.6,33420.6,33422.6,33426.4,33428.4,33425.4,33427.4,,,,,3
2023-03-06 03:29:00,33422.1,33423.1,33421.1,33423.1,33426.9,33427.9,33425.9,33427.9,,,,,4
2023-03-06 03:30:00,33423.6,33425.1,33422.6,33424.6,33428.4,33429.9,33427.4,33429.4,,,,,10
2023-03-06 03:31:00,33424.1,33425.6,33422.6,33423.6,33428.9,33430.4,33427.4,33428.4,,,,,10
2023-03-06 03:32:00,33424.1,33425.6,33423.1,33425.6,33428.9,33430.4,33427.9,33430.4,,,,,10
2023-03-06 03:33:00,33425.1,33425.6,33423.6,33425.1,33429.9,33430.4,33428.4,33429.9,,,,,7
2023-03-06 03:34:00,33424.6,33427.6,33424.6,33425.1,33429.4,33432.4,33429.4,33429.9,,,,,34
2023-03-06 03:35:00,33424.6,33427.1,33423.6,33426.1,33429.4,33431.9,33428.4,33430.9,,,,,16
2023-03-06 03:36:00,33426.6,33428.1,33425.1,33426.6,33431.4,33432.9,33429.9,33431.4,,,,,15
2023-03-06 03:37:00,33426.1,33427.1,33424.6,33425.6,33430.9,33431.9,33429.4,33430.4,,,,,3
2023-03-06 03:38:00,33426.1,33428.6,33425.6,33427.1,33430.9,33433.4,33430.4,33431.9,,,,,24
2023-03-06 03:39:00,33427.6,33427.6,33421.6,33422.6,33432.4,33432.4,33426.4,33427.4,,,,,25
2023-03-06 03:40:00,33421.6,33422.1,33417.6,33419.1,33426.4,33426.9,33422.4,33423.9,,,,,65
2023-03-06 03:41:00,33419.6,33422.6,33419.1,33422.1,33424.4,33427.4,33423.9,33426.9,,,,,4
2023-03-06 03:42:00,33422.6,33423.1,33419.6,33422.1,33427.4,33427.9,33424.4,33426.9,,,,,8
2023-03-06 03:43:00,33422.6,33423.6,33419.6,33421.6,33427.4,33428.4,33424.4,33426.4,,,,,32
2023-03-06 03:44:00,33422.1,33422.6,33419.6,33419.6,33426.9,33427.4,33424.4,33424.4,,,,,24
2023-03-06 03:45:00,33420.1,33420.1,33413.1,33413.1,33424.9,33424.9,33417.9,33417.9,,,,,33
2023-03-06 03:46:00,33411.6,33417.6,33410.1,33413.1,33416.4,33422.4,33414.9,33417.9,,,,,47
2023-03-06 03:47:00,33413.6,33414.6,33412.6,33414.6,33418.4,33419.4,33417.4,33419.4,,,,,14
2023-03-06 03:48:00,33415.1,33416.6,33414.6,33416.6,33419.9,33421.4,33419.4,33421.4,,,,,6
2023-03-06 03:49:00,33416.1,33417.1,33413.6,33413.6,33420.9,33421.9,33418.4,33418.4,,,,,6
2023-03-06 03:50:00,33414.1,33418.6,33414.1,33418.1,33418.9,33423.4,33418.9,33422.9,,,,,15
2023-03-06 03:51:00,33418.6,33419.6,33415.1,33418.6,33423.4,33424.4,33419.9,33423.4,,,,,17
2023-03-06 03:52:00,33418.1,33419.1,33416.6,33417.6,33422.9,33423.9,33421.4,33422.4,,,,,10
2023-03-06 03:53:00,33417.1,33420.6,33417.1,33418.1,33421.9,33425.4,33421.9,33422.9,,,,,7
2023-03-06 03:54:00,33418.6,33421.1,33418.6,33419.6,33423.4,33425.9,33423.4,33424.4,,,,,8
2023-03-06 03:55:00,33420.1,33423.6,33420.1,33423.6,33424.9,33428.4,33424.9,33428.4,,,,,4
2023-03-06 03:56:00,33424.1,33427.6,33424.1,33424.6,33428.9,33432.4,33428.9,33429.4,,,,,18
2023-03-06 03:57:00,33425.1,33425.1,33424.6,33425.1,33429.9,33429.9,33429.4,33429.9,,,,,2
2023-03-06 03:58:00,33424.6,33425.1,33424.6,33424.6,33429.4,33429.9,33429.4,33429.4,,,,,7
2023-03-06 03:59:00,33423.6,33423.6,33421.1,33421.6,33428.4,33428.4,33425.9,33426.4,,,,,13
2023-03-06 04:00:00,33422.1,33427.1,33421.1,33425.6,33426.9,33431.9,33425.9,33430.4,,,,,23
2023-03-06 04:01:00,33425.1,33428.6,33424.6,33426.6,33429.9,33433.4,33429.4,33431.4,,,,,18
2023-03-06 04:02:00,33426.1,33427.6,33425.6,33426.6,33430.9,33432.4,33430.4,33431.4,,,,,1
2023-03-06 04:03:00,33426.1,33426.1,33422.6,33424.1,33430.9,33430.9,33427.4,33428.9,,,,,1
2023-03-06 04:04:00,33423.6,33423.6,33421.1,33421.6,33428.4,33428.4,33425.9,33426.4,,,,,5
2023-03-06 04:05:00,33421.1,33421.6,33415.1,33417.6,33425.9,33426.4,33419.9,33422.4,,,,,27
2023-03-06 04:06:00,33418.1,33421.6,33417.6,33421.1,33422.9,33426.4,33422.4,33425.9,,,,,8
2023-03-06 04:07:00,33420.6,33421.6,33419.1,33419.6,33425.4,33426.4,33423.9,33424.4,,,,,3
2023-03-06 04:08:00,33419.1,33421.1,33419.1,33420.6,33423.9,33425.9,33423.9,33425.4,,,,,3
2023-03-06 04:09:00,33420.1,33420.1,33418.6,33419.1,33424.9,33424.9,33423.4,33423.9,,,,,2
2023-03-06 04:10:00,33418.6,33420.1,33418.1,33418.6,33423.4,33424.9,33422.9,33423.4,,,,,2
2023-03-06 04:11:00,33419.1,33419.6,33416.1,33418.6,33423.9,33424.4,33420.9,33423.4,,,,,11
2023-03-06 04:12:00,33416.6,33419.6,33416.6,33419.6,33421.4,33424.4,33421.4,33424.4,,,,,15
2023-03-06 04:13:00,33420.1,33422.1,33419.6,33420.1,33424.9,33426.9,33424.4,33424.9,,,,,9
2023-03-06 04:14:00,33420.6,33421.6,33419.6,33420.6,33425.4,33426.4,33424.4,33425.4,,,,,5
2023-03-06 04:15:00,33420.1,33420.1,33418.1,33419.1,33424.9,33424.9,33422.9,33423.9,,,,,6
2023-03-06 04:16:00,33420.1,33420.1,33416.6,33416.6,33424.9,33424.9,33421.4,33421.4,,,,,12
2023-03-06 04:17:00,33416.1,33419.1,33416.1,33417.6,33420.9,33423.9,33420.9,33422.4,,,,,5
2023-03-06 04:18:00,33418.1,33420.1,33418.1,33418.6,33422.9,33424.9,33422.9,33423.4,,,,,2
2023-03-06 04:19:00,33418.1,33418.1,33416.6,33417.6,33422.9,33422.9,33421.4,33422.4,,,,,0
2023-03-06 04:20:00,33418.1,33419.6,33417.6,33419.6,33422.9,33424.4,33422.4,33424.4,,,,,1
2023-03-06 04:21:00,33419.1,33419.1,33416.1,33416.6,33423.9,33423.9,33420.9,33421.4,,,,,2
2023-03-06 04:22:00,33416.1,33417.6,33415.1,33415.6,33420.9,33422.4,33419.9,33420.4,,,,,19
2023-03-06 04:23:00,33416.1,33416.1,33413.6,33413.6,33420.9,33420.9,33418.4,33418.4,,,,,4
2023-03-06 04:24:00,33413.1,33414.1,33402.6,33405.6,33417.9,33418.9,33407.4,33410.4,,,,,69
2023-03-06 04:25:00,33405.1,33407.1,33402.1,33406.6,33409.9,33411.9,33406.9,33411.4,,,,,19
2023-03-06 04:26:00,33406.1,33410.6,33406.1,33409.6,33410.9,33415.4,33410.9,33414.4,,,,,14
2023-03-06 04:27:00,33408.6,33409.6,33403.1,33403.6,33413.4,33414.4,33407.9,33408.4,,,,,23
2023-03-06 04:28:00,33403.1,33405.6,33403.1,33404.6,33407.9,33410.4,33407.9,33409.4,,,,,1
2023-03-06 04:29:00,33405.1,33405.1,33403.1,33404.6,33409.9,33409.9,33407.9,33409.4,,,,,3
2023-03-06 04:30:00,33405.1,33406.1,33402.1,33402.6,33409.9,33410.9,33406.9,33407.4,,,,,14
2023-03-06 04:31:00,33401.6,33402.1,33395.6,33398.6,33406.4,33406.9,33400.4,33403.4,,,,,11
2023-03-06 04:32:00,33399.1,33399.6,33395.6,33395.6,33403.9,33404.4,33400.4,33400.4,,,,,18
2023-03-06 04:33:00,33395.1,33398.6,33395.1,33397.6,33399.9,33403.4,33399.9,33402.4,,,,,14
2023-03-06 04:34:00,33397.1,33397.6,33395.1,33395.6,33401.9,33402.4,33399.9,33400.4,,,,,7
2023-03-06 04:35:00,33396.1,33400.1,33395.1,33398.6,33400.9,33404.9,33399.9,33403.4,,,,,12
2023-03-06 04:36:00,33398.1,33400.1,33397.6,33398.6,33402.9,33404.9,33402.4,33403.4,,,,,1
2023-03-06 04:37:00,33398.1,33399.1,33397.6,33397.6,33402.9,33403.9,33402.4,33402.4,,,,,21
2023-03-06 04:38:00,33397.1,33399.6,33397.1,33399.1,33401.9,33404.4,33401.9,33403.9,,,,,6
2023-03-06 04:39:00,33399.6,33399.6,33397.6,33397.6,33404.4,33404.4,33402.4,33402.4,,,,,5
2023-03-06 04:40:00,33397.1,33397.1,33395.1,33395.6,33401.9,33401.9,33399.9,33400.4,,,,,3
2023-03-06 04:41:00,33396.1,33396.1,33393.1,33394.6,33400.9,33400.9,33397.9,33399.4,,,,,26
2023-03-06 04:42:00,33395.1,33399.6,33394.6,33398.6,33399.9,33404.4,33399.4,33403.4,,,,,14
2023-03-06 04:43:00,33399.1,33399.1,33397.1,33397.6,33403.9,33403.9,33401.9,33402.4,,,,,2
2023-03-06 04:44:00,33397.1,33397.6,33394.6,33394.6,33401.9,33402.4,33399.4,33399.4,,,,,9
2023-03-06 04:45:00,33395.1,33397.6,33395.1,33396.6,33399.9,33402.4,33399.9,33401.4,,,,,5
2023-03-06 04:46:00,33396.1,33399.6,33395.6,33398.6,33400.9,33404.4,33400.4,33403.4,,,,,7
2023-03-06 04:47:00,33398.1,33398.6,33397.6,33397.6,33402.9,33403.4,33402.4,33402.4,,,,,3
2023-03-06 04:48:00,33398.1,33400.6,33398.1,33398.6,33402.9,33405.4,33402.9,33403.4,,,,,7
2023-03-06 04:49:00,33399.1,33402.6,33399.1,33402.6,33403.9,33407.4,33403.9,33407.4,,,,,18
2023-03-06 04:50:00,33402.1,33405.6,33401.6,33401.6,33406.9,33410.4,33406.4,33406.4,,,,,14
2023-03-06 04:51:00,33402.1,33402.6,33401.6,33401.6,33406.9,33407.4,33406.4,33406.4,,,,,4
2023-03-06 04:52:00,33401.1,33401.6,33400.1,33401.1,33405.9,33406.4,33404.9,33405.9,,,,,1
2023-03-06 04:53:00,33400.6,33400.6,33399.6,33400.6,33405.4,33405.4,33404.4,33405.4,,,,,7
2023-03-06 04:54:00,33399.6,33402.6,33399.1,33402.6,33404.4,33407.4,33403.9,33407.4,,,,,4
2023-03-06 04:55:00,33403.1,33403.1,33401.1,33401.1,33407.9,33407.9,33405.9,33405.9,,,,,1
2023-03-06 04:56:00,33401.6,33402.1,33401.6,33402.1,33406.4,33406.9,33406.4,33406.9,,,,,2
2023-03-06 04:57:00,33401.6,33401.6,33400.6,33400.6,33406.4,33406.4,33405.4,33405.4,,,,,2
2023-03-06 04:58:00,33400.1,33401.1,33397.1,33398.1,33404.9,33405.9,33401.9,33402.9,,,,,16
2023-03-06 04:59:00,33397.6,33398.1,33395.1,33396.6,33402.4,33402.9,33399.9,33401.4,,,,,19
2023-03-06 05:00:00,33397.1,33398.6,33396.6,33396.6,33401.9,33403.4,33401.4,33401.4,,,,,5
2023-03-06 05:01:00,33396.1,33396.6,33395.1,33395.1,33400.9,33401.4,33399.9,33399.9,,,,,0
2023-03-06 05:02:00,33394.6,33396.1,33392.6,33393.6,33399.4,33400.9,33397.4,33398.4,,,,,9
2023-03-06 05:03:00,33393.1,33393.6,33390.6,33391.6,33397.9,33398.4,33395.4,33396.4,,,,,20
2023-03-06 05:04:00,33392.1,33394.1,33391.1,33393.6,33396.9,33398.9,33395.9,33398.4,,,,,10
2023-03-06 05:05:00,33394.1,33396.1,33393.1,33394.6,33398.9,33400.9,33397.9,33399.4,,,,,9
2023-03-06 05:06:00,33395.1,33395.6,33394.1,33395.6,33399.9,33400.4,33398.9,33400.4,,,,,2
2023-03-06 05:07:00,33395.1,33398.6,33394.6,33398.1,33399.9,33403.4,33399.4,33402.9,,,,,7
2023-03-06 05:08:00,33398.6,33401.1,33398.6,33400.6,33403.4,33405.9,33403.4,33405.4,,,,,3
2023-03-06 05:09:00,33400.1,33400.6,33397.1,33398.6,33404.9,33405.4,33401.9,33403.4,,,,,4
2023-03-06 05:10:00,33398.1,33399.6,33396.1,33397.6,33402.9,33404.4,33400.9,33402.4,,,,,5
2023-03-06 05:11:00,33398.1,33401.6,33398.1,33401.1,33402.9,33406.4,33402.9,33405.9,,,,,5
2023-03-06 05:12:00,33400.6,33401.6,33400.1,33400.6,33405.4,33406.4,33404.9,33405.4,,,,,2
2023-03-06 05:13:00,33401.1,33401.1,33398.6,33399.6,33405.9,33405.9,33403.4,33404.4,,,,,2
2023-03-06 05:14:00,33399.1,33399.6,33396.6,33399.6,33403.9,33404.4,33401.4,33404.4,,,,,14
2023-03-06 05:15:00,33400.1,33403.6,33400.1,33403.6,33404.9,33408.4,33404.9,33408.4,,,,,5
2023-03-06 05:16:00,33404.1,33406.1,33401.6,33401.6,33408.9,33410.9,33406.4,33406.4,,,,,10
2023-03-06 05:17:00,33402.1,33402.1,33398.1,33399.6,33406.9,33406.9,33402.9,33404.4,,,,,11
2023-03-06 05:18:00,33400.1,33404.6,33400.1,33403.6,33404.9,33409.4,33404.9,33408.4,,,,,12
2023-03-06 05:19:00,33403.1,33403.6,33401.1,33401.6,33407.9,33408.4,33405.9,33406.4,,,,,4
2023-03-06 05:20:00,33402.6,33404.1,33401.6,33401.6,33407.4,33408.9,33406.4,33406.4,,,,,8
2023-03-06 05:21:00,33401.1,33401.1,33398.1,33398.1,33405.9,33405.9,33402.9,33402.9,,,,,8
2023-03-06 05:22:00,33398.6,33398.6,33396.6,33397.6,33403.4,33403.4,33401.4,33402.4,,,,,10
2023-03-06 05:23:00,33397.1,33398.6,33396.6,33397.6,33401.9,33403.4,33401.4,33402.4,,,,,2
2023-03-06 05:24:00,33397.1,33398.1,33395.6,33396.6,33401.9,33402.9,33400.4,33401.4,,,,,2
2023-03-06 05:25:00,33396.1,33399.1,33395.6,33397.6,33400.9,33403.9,33400.4,33402.4,,,,,2
2023-03-06 05:26:00,33397.1,33398.6,33396.6,33397.1,33401.9,33403.4,33401.4,33401.9,,,,,4
2023-03-06 05:27:00,33397.6,33398.6,33397.1,33397.1,33402.4,33403.4,33401.9,33401.9,,,,,5
2023-03-06 05:28:00,33397.6,33397.6,33394.6,33395.6,33402.4,33402.4,33399.4,33400.4,,,,,6
2023-03-06 05:29:00,33395.1,33395.6,33393.6,33395.1,33399.9,33400.4,33398.4,33399.9,,,,,7
2023-03-06 05:30:00,33394.6,33396.6,33393.1,33393.6,33399.4,33401.4,33397.9,33398.4,,,,,13
2023-03-06 05:31:00,33394.1,33396.6,33394.1,33396.6,33398.9,33401.4,33398.9,33401.4,,,,,7
2023-03-06 05:32:00,33397.1,33397.6,33396.1,33396.1,33401.9,33402.4,33400.9,33400.9,,,,,14
2023-03-06 05:33:00,33395.6,33397.1,33395.1,33396.6,33400.4,33401.9,33399.9,33401.4,,,,,13
2023-03-06 05:34:00,33396.1,33397.6,33394.6,33395.1,33400.9,33402.4,33399.4,33399.9,,,,,3
2023-03-06 05:35:00,33394.6,33397.1,33394.1,33397.1,33399.4,33401.9,33398.9,33401.9,,,,,8
2023-03-06 05:36:00,33396.6,33398.6,33395.6,33398.6,33401.4,33403.4,33400.4,33403.4,,,,,2
2023-03-06 05:37:00,33398.1,33399.1,33395.6,33395.6,33402.9,33403.9,33400.4,33400.4,,,,,4
2023-03-06 05:38:00,33396.1,33398.6,33396.1,33396.6,33400.9,33403.4,33400.9,33401.4,,,,,4
2023-03-06 05:39:00,33397.1,33397.6,33392.6,33392.6,33401.9,33402.4,33397.4,33397.4,,,,,7
2023-03-06 05:40:00,33393.1,33395.6,33392.6,33395.6,33397.9,33400.4,33397.4,33400.4,,,,,3
2023-03-06 05:41:00,33395.1,33399.1,33395.1,33395.1,33399.9,33403.9,33399.9,33399.9,,,,,11
2023-03-06 05:42:00,33394.6,33395.6,33392.6,33394.6,33399.4,33400.4,33397.4,33399.4,,,,,9
2023-03-06 05:43:00,33395.1,33397.1,33394.1,33396.6,33399.9,33401.9,33398.9,33401.4,,,,,4
2023-03-06 05:44:00,33396.1,33401.1,33396.1,33400.6,33400.9,33405.9,33400.9,33405.4,,,,,6
2023-03-06 05:45:00,33400.1,33402.6,33398.1,33401.6,33404.9,33407.4,33402.9,33406.4,,,,,17
2023-03-06 05:46:00,33401.1,33405.1,33401.1,33402.6,33405.9,33409.9,33405.9,33407.4,,,,,13
2023-03-06 05:47:00,33402.1,33402.6,33400.1,33400.6,33406.9,33407.4,33404.9,33405.4,,,,,1
2023-03-06 05:48:00,33401.1,33403.6,33400.6,33403.6,33405.9,33408.4,33405.4,33408.4,,,,,4
2023-03-06 05:49:00,33404.1,33404.1,33402.6,33404.1,33408.9,33408.9,33407.4,33408.9,,,,,3
2023-03-06 05:50:00,33403.6,33405.1,33401.1,33401.6,33408.4,33409.9,33405.9,33406.4,,,,,12
2023-03-06 05:51:00,33402.6,33405.1,33400.6,33404.6,33407.4,33409.9,33405.4,33409.4,,,,,9
2023-03-06 05:52:00,33404.1,33404.1,33402.6,33403.6,33408.9,33408.9,33407.4,33408.4,,,,,2
2023-03-06 05:53:00,33403.1,33403.1,33399.6,33400.6,33407.9,33407.9,33404.4,33405.4,,,,,8
2023-03-06 05:54:00,33401.1,33402.1,33400.6,33402.1,33405.9,33406.9,33405.4,33406.9,,,,,0
2023-03-06 05:55:00,33401.6,33403.1,33400.6,33402.6,33406.4,33407.9,33405.4,33407.4,,,,,9
2023-03-06 05:56:00,33403.1,33406.6,33403.1,33406.1,33407.9,33411.4,33407.9,33410.9,,,,,12
2023-03-06 05:57:00,33406.6,33406.6,33403.6,33403.6,33411.4,33411.4,33408.4,33408.4,,,,,1
2023-03-06 05:58:00,33403.1,33404.1,33403.1,33403.6,33407.9,33408.9,33407.9,33408.4,,,,,2
2023-03-06 05:59:00,33404.1,33405.6,33403.6,33404.6,33408.9,33410.4,33408.4,33409.4,,,,,2
2023-03-06 06:00:00,33404.1,33406.1,33403.1,33405.6,33408.9,33410.9,33407.9,33410.4,,,,,2
2023-03-06 06:01:00,33405.1,33405.1,33401.1,33403.6,33409.9,33409.9,33405.9,33408.4,,,,,5
2023-03-06 06:02:00,33404.1,33405.6,33402.6,33403.6,33408.9,33410.4,33407.4,33408.4,,,,,9
2023-03-06 06:03:00,33404.1,33404.6,33400.6,33401.6,33408.9,33409.4,33405.4,33406.4,,,,,10
2023-03-06 06:04:00,33401.1,33403.6,33399.6,33403.6,33405.9,33408.4,33404.4,33408.4,,,,,4
2023-03-06 06:05:00,33404.1,33404.6,33402.1,33403.6,33408.9,33409.4,33406.9,33408.4,,,,,4
2023-03-06 06:06:00,33404.1,33407.1,33404.1,33406.1,33408.9,33411.9,33408.9,33410.9,,,,,5
2023-03-06 06:07:00,33405.6,33407.6,33404.1,33406.6,33410.4,33412.4,33408.9,33411.4,,,,,7
2023-03-06 06:08:00,33407.1,33409.6,33406.6,33409.1,33411.9,33414.4,33411.4,33413.9,,,,,5
2023-03-06 06:09:00,33408.1,33408.6,33403.6,33404.6,33412.9,33413.4,33408.4,33409.4,,,,,7
2023-03-06 06:10:00,33405.1,33406.6,33404.6,33405.6,33409.9,33411.4,33409.4,33410.4,,,,,1
2023-03-06 06:11:00,33406.1,33412.6,33406.1,33412.6,33410.9,33417.4,33410.9,33417.4,,,,,12
2023-03-06 06:12:00,33412.1,33412.6,33408.1,33409.1,33416.9,33417.4,33412.9,33413.9,,,,,8
2023-03-06 06:13:00,33408.6,33408.6,33403.1,33405.1,33413.4,33413.4,33407.9,33409.9,,,,,19
2023-03-06 06:14:00,33405.6,33407.6,33403.6,33404.6,33410.4,33412.4,33408.4,33409.4,,,,,7
2023-03-06 06:15:00,33403.6,33403.6,33401.1,33401.6,33408.4,33408.4,33405.9,33406.4,,,,,5
2023-03-06 06:16:00,33402.1,33402.6,33399.6,33400.1,33406.9,33407.4,33404.4,33404.9,,,,,5
2023-03-06 06:17:00,33400.6,33400.6,33399.1,33399.6,33405.4,33405.4,33403.9,33404.4,,,,,10
2023-03-06 06:18:00,33400.1,33400.1,33396.6,33397.6,33404.9,33404.9,33401.4,33402.4,,,,,5
2023-03-06 06:19:00,33397.1,33399.6,33395.6,33398.6,33401.9,33404.4,33400.4,33403.4,,,,,19
2023-03-06 06:20:00,33399.1,33399.6,33395.1,33395.1,33403.9,33404.4,33399.9,33399.9,,,,,33
2023-03-06 06:21:00,33394.6,33395.6,33392.6,33394.6,33399.4,33400.4,33397.4,33399.4,,,,,33
2023-03-06 06:22:00,33394.1,33396.6,33392.6,33394.6,33398.9,33401.4,33397.4,33399.4,,,,,5
2023-03-06 06:23:00,33395.1,33395.6,33393.1,33393.1,33399.9,33400.4,33397.9,33397.9,,,,,3
2023-03-06 06:24:00,33394.6,33394.6,33392.1,33392.6,33399.4,33399.4,33396.9,33397.4,,,,,5
2023-03-06 06:25:00,33393.1,33394.1,33390.6,33391.6,33397.9,33398.9,33395.4,33396.4,,,,,14
2023-03-06 06:26:00,33391.1,33393.1,33391.1,33393.1,33395.9,33397.9,33395.9,33397.9,,,,,6
2023-03-06 06:27:00,33393.6,33395.6,33392.6,33395.6,33398.4,33400.4,33397.4,33400.4,,,,,10
2023-03-06 06:28:00,33395.1,33395.6,33392.6,33393.6,33399.9,33400.4,33397.4,33398.4,,,,,4
2023-03-06 06:29:00,33393.1,33393.6,33391.6,33392.6,33397.9,33398.4,33396.4,33397.4,,,,,3
2023-03-06 06:30:00,33392.1,33394.6,33391.1,33392.1,33396.9,33399.4,33395.9,33396.9,,,,,9
2023-03-06 06:31:00,33392.6,33392.6,33386.1,33387.6,33397.4,33397.4,33390.9,33392.4,,,,,25
2023-03-06 06:32:00,33387.1,33391.1,33387.1,33390.1,33391.9,33395.9,33391.9,33394.9,,,,,10
2023-03-06 06:33:00,33390.6,33393.6,33390.6,33392.6,33395.4,33398.4,33395.4,33397.4,,,,,14
2023-03-06 06:34:00,33393.1,33393.6,33390.6,33391.6,33397.9,33398.4,33395.4,33396.4,,,,,3
2023-03-06 06:35:00,33392.6,33393.1,33391.1,33392.6,33397.4,33397.9,33395.9,33397.4,,,,,4
2023-03-06 06:36:00,33392.1,33395.1,33392.1,33393.6,33396.9,33399.9,33396.9,33398.4,,,,,8
2023-03-06 06:37:00,33393.1,33397.1,33392.6,33396.6,33397.9,33401.9,33397.4,33401.4,,,,,7
2023-03-06 06:38:00,33396.1,33400.6,33396.1,33397.6,33400.9,33405.4,33400.9,33402.4,,,,,44
2023-03-06 06:39:00,33397.1,33397.6,33396.1,33396.1,33401.9,33402.4,33400.9,33400.9,,,,,3
2023-03-06 06:40:00,33395.6,33400.1,33395.1,33399.6,33400.4,33404.9,33399.9,33404.4,,,,,4
2023-03-06 06:41:00,33400.1,33401.1,33399.1,33399.1,33404.9,33405.9,33403.9,33403.9,,,,,6
2023-03-06 06:42:00,33398.6,33399.6,33397.1,33399.6,33403.4,33404.4,33401.9,33404.4,,,,,8
2023-03-06 06:43:00,33400.1,33400.6,33400.1,33400.6,33404.9,33405.4,33404.9,33405.4,,,,,0
2023-03-06 06:44:00,33400.1,33402.1,33399.6,33400.6,33404.9,33406.9,33404.4,33405.4,,,,,3
2023-03-06 06:45:00,33400.1,33403.1,33400.1,33402.6,33404.9,33407.9,33404.9,33407.4,,,,,9
2023-03-06 06:46:00,33402.1,33404.1,33400.6,33402.6,33406.9,33408.9,33405.4,33407.4,,,,,9
2023-03-06 06:47:00,33403.1,33404.6,33401.6,33401.6,33407.9,33409.4,33406.4,33406.4,,,,,10
2023-03-06 06:48:00,33402.1,33402.6,33402.1,33402.1,33406.9,33407.4,33406.9,33406.9,,,,,1
2023-03-06 06:49:00,33402.6,33402.6,33398.6,33399.6,33407.4,33407.4,33403.4,33404.4,,,,,15
2023-03-06 06:50:00,33399.1,33399.6,33397.6,33399.6,33403.9,33404.4,33402.4,33404.4,,,,,7
2023-03-06 06:51:00,33400.1,33400.1,33397.6,33398.6,33404.9,33404.9,33402.4,33403.4,,,,,5
2023-03-06 06:52:00,33399.1,33401.6,33398.6,33401.6,33403.9,33406.4,33403.4,33406.4,,,,,9
2023-03-06 06:53:00,33401.1,33402.6,33400.6,33402.6,33405.9,33407.4,33405.4,33407.4,,,,,1
2023-03-06 06:54:00,33402.1,33403.6,33401.6,33401.6,33406.9,33408.4,33406.4,33406.4,,,,,10
2023-03-06 06:55:00,33401.1,33401.6,33399.6,33400.6,33405.9,33406.4,33404.4,33405.4,,,,,9
2023-03-06 06:56:00,33400.1,33401.6,33398.6,33398.6,33404.9,33406.4,33403.4,33403.4,,,,,42
2023-03-06 06:57:00,33399.1,33399.6,33396.6,33396.6,33403.9,33404.4,33401.4,33401.4,,,,,5
2023-03-06 06:58:00,33396.1,33399.1,33396.1,33398.1,33400.9,33403.9,33400.9,33402.9,,,,,8
2023-03-06 06:59:00,33397.6,33405.1,33397.6,33405.1,33402.4,33409.9,33402.4,33409.9,,,,,37
2023-03-06 07:00:00,33405.7,33405.7,33398.7,33401.7,33409.3,33409.3,33402.3,33405.3,,,,,181
2023-03-06 07:01:00,33401.2,33401.2,33384.2,33385.2,33404.8,33404.8,33387.8,33388.8,,,,,58
2023-03-06 07:02:00,33384.7,33385.2,33375.2,33378.2,33388.3,33388.8,33378.8,33381.8,,,,,59
2023-03-06 07:03:00,33378.7,33384.7,33377.2,33384.2,33382.3,33388.3,33380.8,33387.8,,,,,41
2023-03-06 07:04:00,33383.7,33383.7,33378.7,33379.2,33387.3,33387.3,33382.3,33382.8,,,,,41
2023-03-06 07:05:00,33378.7,33380.7,33376.2,33377.7,33382.3,33384.3,33379.8,33381.3,,,,,29
2023-03-06 07:06:00,33376.7,33378.2,33373.7,33373.7,33380.3,33381.8,33377.3,33377.3,,,,,49
2023-03-06 07:07:00,33374.2,33381.7,33374.2,33381.7,33377.8,33385.3,33377.8,33385.3,,,,,39
2023-03-06 07:08:00,33381.2,33385.7,33376.7,33377.2,33384.8,33389.3,33380.3,33380.8,,,,,40
2023-03-06 07:09:00,33377.7,33380.7,33375.7,33377.2,33381.3,33384.3,33379.3,33380.8,,,,,38
2023-03-06 07:10:00,33377.7,33380.7,33377.2,33380.2,33381.3,33384.3,33380.8,33383.8,,,,,8
2023-03-06 07:11:00,33380.7,33388.2,33379.2,33386.2,33384.3,33391.8,33382.8,33389.8,,,,,32
2023-03-06 07:12:00,33386.7,33388.7,33382.7,33387.2,33390.3,33392.3,33386.3,33390.8,,,,,23
2023-03-06 07:13:00,33387.7,33393.2,33386.7,33393.2,33391.3,33396.8,33390.3,33396.8,,,,,16
2023-03-06 07:14:00,33393.7,33395.2,33386.7,33390.2,33397.3,33398.8,33390.3,33393.8,,,,,16
2023-03-06 07:15:00,33389.7,33392.2,33389.2,33390.2,33393.3,33395.8,33392.8,33393.8,,,,,14
2023-03-06 07:16:00,33390.7,33397.7,33390.7,33396.2,33394.3,33401.3,33394.3,33399.8,,,,,14
2023-03-06 07:17:00,33396.7,33398.7,33395.2,33395.2,33400.3,33402.3,33398.8,33398.8,,,,,11
2023-03-06 07:18:00,33395.7,33401.2,33395.2,33398.2,33399.3,33404.8,33398.8,33401.8,,,,,49
2023-03-06 07:19:00,33397.7,33400.7,33397.7,33399.2,33401.3,33404.3,33401.3,33402.8,,,,,14
2023-03-06 07:20:00,33399.7,33401.2,33399.2,33399.2,33403.3,33404.8,33402.8,33402.8,,,,,19
2023-03-06 07:21:00,33399.7,33400.2,33392.2,33393.2,33403.3,33403.8,33395.8,33396.8,,,,,23
2023-03-06 07:22:00,33392.7,33393.2,33391.2,33392.7,33396.3,33396.8,33394.8,33396.3,,,,,8
2023-03-06 07:23:00,33392.2,33401.2,33392.2,33400.2,33395.8,33404.8,33395.8,33403.8,,,,,15
2023-03-06 07:24:00,33400.7,33402.2,33399.2,33399.7,33404.3,33405.8,33402.8,33403.3,,,,,13
2023-03-06 07:25:00,33400.2,33402.2,33398.7,33401.7,33403.8,33405.8,33402.3,33405.3,,,,,28
2023-03-06 07:26:00,33401.2,33401.2,33394.7,33399.2,33404.8,33404.8,33398.3,33402.8,,,,,49
2023-03-06 07:27:00,33399.7,33400.2,33397.2,33398.2,33403.3,33403.8,33400.8,33401.8,,,,,12
2023-03-06 07:28:00,33398.7,33400.7,33397.2,33399.2,33402.3,33404.3,33400.8,33402.8,,,,,6
2023-03-06 07:29:00,33398.7,33400.7,33397.2,33399.2,33402.3,33404.3,33400.8,33402.8,,,,,6
2023-03-06 07:30:00,33394.7,33396.7,33393.2,33394.2,33398.3,33400.3,33396.8,33397.8,,,,,134
2023-03-06 07:31:00,33393.7,33396.7,33392.2,33392.7,33397.3,33400.3,33395.8,33396.3,,,,,16
2023-03-06 07:32:00,33393.2,33393.2,33388.7,33391.2,33396.8,33396.8,33392.3,33394.8,,,,,25
2023-03-06 07:33:00,33390.7,33393.2,33390.7,33392.2,33394.3,33396.8,33394.3,33395.8,,,,,18
2023-03-06 07:34:00,33392.7,33393.7,33389.7,33390.2,33396.3,33397.3,33393.3,33393.8,,,,,4
2023-03-06 07:35:00,33390.7,33391.2,33389.2,33390.2,33394.3,33394.8,33392.8,33393.8,,,,,3
2023-03-06 07:36:00,33390.7,33395.2,33390.2,33391.2,33394.3,33398.8,33393.8,33394.8,,,,,20
2023-03-06 07:37:00,33391.7,33402.7,33391.2,33402.2,33395.3,33406.3,33394.8,33405.8,,,,,49
2023-03-06 07:38:00,33402.7,33404.7,33397.2,33398.7,33406.3,33408.3,33400.8,33402.3,,,,,36
2023-03-06 07:39:00,33399.2,33401.2,33394.7,33397.2,33402.8,33404.8,33398.3,33400.8,,,,,13
2023-03-06 07:40:00,33396.7,33402.2,33396.7,33401.2,33400.3,33405.8,33400.3,33404.8,,,,,13
2023-03-06 07:41:00,33401.7,33404.2,33400.7,33404.2,33405.3,33407.8,33404.3,33407.8,,,,,7
2023-03-06 07:42:00,33404.7,33406.2,33404.2,33405.2,33408.3,33409.8,33407.8,33408.8,,,,,18
2023-03-06 07:43:00,33404.7,33407.2,33403.7,33407.2,33408.3,33410.8,33407.3,33410.8,,,,,17
2023-03-06 07:44:00,33406.7,33409.7,33405.2,33408.2,33410.3,33413.3,33408.8,33411.8,,,,,22
2023-03-06 07:45:00,33407.7,33414.7,33407.7,33414.2,33411.3,33418.3,33411.3,33417.8,,,,,52
2023-03-06 07:46:00,33413.7,33414.7,33409.2,33411.2,33417.3,33418.3,33412.8,33414.8,,,,,20
2023-03-06 07:47:00,33411.7,33413.2,33407.2,33408.2,33415.3,33416.8,33410.8,33411.8,,,,,7
2023-03-06 07:48:00,33407.7,33408.2,33403.2,33405.2,33411.3,33411.8,33406.8,33408.8,,,,,16
2023-03-06 07:49:00,33405.7,33406.7,33402.7,33406.2,33409.3,33410.3,33406.3,33409.8,,,,,16
2023-03-06 07:50:00,33405.7,33406.2,33398.2,33398.2,33409.3,33409.8,33401.8,33401.8,,,,,7
2023-03-06 07:51:00,33397.7,33398.2,33394.2,33394.2,33401.3,33401.8,33397.8,33397.8,,,,,8
2023-03-06 07:52:00,33393.7,33394.7,33392.7,33393.2,33397.3,33398.3,33396.3,33396.8,,,,,35
2023-03-06 07:53:00,33392.7,33395.2,33391.7,33395.2,33396.3,33398.8,33395.3,33398.8,,,,,11
2023-03-06 07:54:00,33394.7,33395.2,33393.2,33393.2,33398.3,33398.8,33396.8,33396.8,,,,,11
2023-03-06 07:55:00,33392.7,33394.7,33392.2,33393.7,33396.3,33398.3,33395.8,33397.3,,,,,15
2023-03-06 07:56:00,33394.2,33395.7,33393.2,33395.2,33397.8,33399.3,33396.8,33398.8,,,,,15
2023-03-06 07:57:00,33394.7,33395.2,33393.2,33394.2,33398.3,33398.8,33396.8,33397.8,,,,,25
2023-03-06 07:58:00,33393.7,33394.2,33391.7,33392.7,33397.3,33397.8,33395.3,33396.3,,,,,17
2023-03-06 07:59:00,33392.2,33393.7,33386.7,33388.2,33395.8,33397.3,33390.3,33391.8,,,,,69
2023-03-06 08:00:00,33387.7,33389.7,33379.7,33381.2,33391.3,33393.3,33383.3,33384.8,,,,,210
2023-03-06 08:01:00,33381.7,33390.2,33381.2,33388.2,33385.3,33393.8,33384.8,33391.8,,,,,37
2023-03-06 08:02:00,33387.7,33389.7,33381.2,33386.2,33391.3,33393.3,33384.8,33389.8,,,,,46
2023-03-06 08:03:00,33385.7,33390.7,33383.7,33389.2,33389.3,33394.3,33387.3,33392.8,,,,,34
2023-03-06 08:04:00,33388.7,33394.7,33387.2,33388.2,33392.3,33398.3,33390.8,33391.8,,,,,53
2023-03-06 08:05:00,33387.7,33392.7,33382.2,33382.2,33391.3,33396.3,33385.8,33385.8,,,,,52
2023-03-06 08:06:00,33382.7,33389.7,33382.7,33383.2,33386.3,33393.3,33386.3,33386.8,,,,,58
2023-03-06 08:07:00,33382.7,33388.2,33378.7,33380.2,33386.3,33391.8,33382.3,33383.8,,,,,53
2023-03-06 08:08:00,33380.7,33382.7,33377.7,33380.2,33384.3,33386.3,33381.3,33383.8,,,,,43
2023-03-06 08:09:00,33379.7,33386.7,33374.2,33385.2,33383.3,33390.3,33377.8,33388.8,,,,,63
2023-03-06 08:10:00,33384.7,33389.2,33381.7,33389.2,33388.3,33392.8,33385.3,33392.8,,,,,53
2023-03-06 08:11:00,33387.7,33392.2,33385.7,33389.2,33391.3,33395.8,33389.3,33392.8,,,,,73
2023-03-06 08:12:00,33389.7,33391.7,33387.2,33387.2,33393.3,33395.3,33390.8,33390.8,,,,,45
2023-03-06 08:13:00,33387.7,33387.7,33377.7,33378.2,33391.3,33391.3,33381.3,33381.8,,,,,33
2023-03-06 08:14:00,33378.7,33381.7,33377.2,33379.2,33382.3,33385.3,33380.8,33382.8,,,,,17
2023-03-06 08:15:00,33379.7,33385.2,33377.2,33381.2,33383.3,33388.8,33380.8,33384.8,,,,,45
2023-03-06 08:16:00,33380.7,33383.2,33375.7,33378.2,33384.3,33386.8,33379.3,33381.8,,,,,35
2023-03-06 08:17:00,33378.7,33379.2,33371.7,33373.7,33382.3,33382.8,33375.3,33377.3,,,,,39
2023-03-06 08:18:00,33374.2,33376.7,33368.7,33369.2,33377.8,33380.3,33372.3,33372.8,,,,,76
2023-03-06 08:19:00,33369.7,33373.2,33361.2,33373.2,33373.3,33376.8,33364.8,33376.8,,,,,77
2023-03-06 08:20:00,33372.7,33379.2,33371.7,33377.2,33376.3,33382.8,33375.3,33380.8,,,,,47
2023-03-06 08:21:00,33377.7,33380.7,33373.7,33375.7,33381.3,33384.3,33377.3,33379.3,,,,,46
2023-03-06 08:22:00,33375.2,33381.2,33374.2,33380.2,33378.8,33384.8,33377.8,33383.8,,,,,43
2023-03-06 08:23:00,33379.7,33390.2,33379.2,33387.2,33383.3,33393.8,33382.8,33390.8,,,,,40
2023-03-06 08:24:00,33387.7,33393.7,33384.7,33393.2,33391.3,33397.3,33388.3,33396.8,,,,,24
2023-03-06 08:25:00,33392.7,33394.7,33385.2,33386.2,33396.3,33398.3,33388.8,33389.8,,,,,46
2023-03-06 08:26:00,33386.7,33391.2,33384.2,33385.2,33390.3,33394.8,33387.8,33388.8,,,,,20
2023-03-06 08:27:00,33385.7,33387.2,33380.7,33381.7,33389.3,33390.8,33384.3,33385.3,,,,,13
2023-03-06 08:28:00,33382.2,33383.2,33376.7,33381.2,33385.8,33386.8,33380.3,33384.8,,,,,20
2023-03-06 08:29:00,33381.7,33384.7,33377.7,33379.2,33385.3,33388.3,33381.3,33382.8,,,,,35
2023-03-06 08:30:00,33379.7,33382.2,33369.2,33369.2,33383.3,33385.8,33372.8,33372.8,,,,,46
2023-03-06 08:31:00,33368.7,33377.2,33366.2,33375.7,33372.3,33380.8,33369.8,33379.3,,,,,48
2023-03-06 08:32:00,33376.2,33383.2,33374.2,33375.2,33379.8,33386.8,33377.8,33378.8,,,,,43
2023-03-06 08:33:00,33374.7,33376.2,33367.7,33375.7,33378.3,33379.8,33371.3,33379.3,,,,,66
2023-03-06 08:34:00,33376.2,33383.2,33374.7,33381.2,33379.8,33386.8,33378.3,33384.8,,,,,38
2023-03-06 08:35:00,33381.7,33387.7,33381.7,33385.2,33385.3,33391.3,33385.3,33388.8,,,,,61
2023-03-06 08:36:00,33384.7,33388.7,33384.7,33385.2,33388.3,33392.3,33388.3,33388.8,,,,,34
2023-03-06 08:37:00,33384.7,33386.2,33379.7,33385.2,33388.3,33389.8,33383.3,33388.8,,,,,27
2023-03-06 08:38:00,33384.2,33392.2,33384.2,33392.2,33387.8,33395.8,33387.8,33395.8,,,,,40
2023-03-06 08:39:00,33392.7,33392.7,33387.7,33388.2,33396.3,33396.3,33391.3,33391.8,,,,,20
2023-03-06 08:40:00,33387.7,33389.2,33384.2,33385.2,33391.3,33392.8,33387.8,33388.8,,,,,37
2023-03-06 08:41:00,33385.7,33387.2,33381.2,33385.2,33389.3,33390.8,33384.8,33388.8,,,,,22
2023-03-06 08:42:00,33384.7,33389.2,33383.7,33384.2,33388.3,33392.8,33387.3,33387.8,,,,,10
2023-03-06 08:43:00,33384.7,33390.7,33383.2,33386.2,33388.3,33394.3,33386.8,33389.8,,,,,21
2023-03-06 08:44:00,33385.7,33388.2,33382.7,33383.7,33389.3,33391.8,33386.3,33387.3,,,,,12
2023-03-06 08:45:00,33384.2,33387.7,33382.2,33386.2,33387.8,33391.3,33385.8,33389.8,,,,,24
2023-03-06 08:46:00,33386.7,33396.2,33385.7,33393.2,33390.3,33399.8,33389.3,33396.8,,,,,35
2023-03-06 08:47:00,33392.7,33396.2,33391.7,33396.2,33396.3,33399.8,33395.3,33399.8,,,,,15
2023-03-06 08:48:00,33396.7,33398.7,33393.2,33398.2,33400.3,33402.3,33396.8,33401.8,,,,,31
2023-03-06 08:49:00,33397.7,33401.7,33396.2,33400.2,33401.3,33405.3,33399.8,33403.8,,,,,28
2023-03-06 08:50:00,33400.7,33418.2,33400.2,33416.7,33404.3,33421.8,33403.8,33420.3,,,,,117
2023-03-06 08:51:00,33417.2,33417.2,33413.2,33414.2,33420.8,33420.8,33416.8,33417.8,,,,,20
2023-03-06 08:52:00,33413.7,33421.7,33413.2,33419.2,33417.3,33425.3,33416.8,33422.8,,,,,51
2023-03-06 08:53:00,33418.7,33424.2,33416.2,33419.2,33422.3,33427.8,33419.8,33422.8,,,,,42
2023-03-06 08:54:00,33419.7,33422.2,33411.2,33411.2,33423.3,33425.8,33414.8,33414.8,,,,,52
2023-03-06 08:55:00,33410.7,33411.2,33399.2,33399.2,33414.3,33414.8,33402.8,33402.8,,,,,85
2023-03-06 08:56:00,33399.7,33401.2,33394.2,33395.2,33403.3,33404.8,33397.8,33398.8,,,,,69
2023-03-06 08:57:00,33395.7,33401.7,33395.2,33399.2,33399.3,33405.3,33398.8,33402.8,,,,,66
2023-03-06 08:58:00,33398.7,33403.2,33397.7,33400.7,33402.3,33406.8,33401.3,33404.3,,,,,31
2023-03-06 08:59:00,33400.2,33403.2,33397.7,33399.2,33403.8,33406.8,33401.3,33402.8,,,,,31
2023-03-06 09:00:00,33398.7,33400.2,33389.7,33391.2,33402.3,33403.8,33393.3,33394.8,,,,,75
2023-03-06 09:01:00,33390.7,33397.2,33381.2,33392.7,33394.3,33400.8,33384.8,33396.3,,,,,128
2023-03-06 09:02:00,33392.2,33401.7,33391.2,33394.2,33395.8,33405.3,33394.8,33397.8,,,,,73
2023-03-06 09:03:00,33393.7,33400.7,33389.2,33390.2,33397.3,33404.3,33392.8,33393.8,,,,,77
2023-03-06 09:04:00,33390.7,33390.7,33384.2,33387.7,33394.3,33394.3,33387.8,33391.3,,,,,61
2023-03-06 09:05:00,33387.2,33388.7,33382.7,33388.2,33390.8,33392.3,33386.3,33391.8,,,,,68
2023-03-06 09:06:00,33387.7,33390.7,33381.7,33384.2,33391.3,33394.3,33385.3,33387.8,,,,,76
2023-03-06 09:07:00,33383.7,33384.2,33373.2,33375.2,33387.3,33387.8,33376.8,33378.8,,,,,78
2023-03-06 09:08:00,33374.7,33375.2,33369.7,33371.2,33378.3,33378.8,33373.3,33374.8,,,,,34
2023-03-06 09:09:00,33370.2,33372.7,33367.2,33372.7,33373.8,33376.3,33370.8,33376.3,,,,,59
2023-03-06 09:10:00,33373.7,33384.2,33369.2,33382.7,33377.3,33387.8,33372.8,33386.3,,,,,112
2023-03-06 09:11:00,33383.2,33388.7,33379.7,33385.2,33386.8,33392.3,33383.3,33388.8,,,,,72
2023-03-06 09:12:00,33384.7,33388.2,33380.2,33382.2,33388.3,33391.8,33383.8,33385.8,,,,,58
2023-03-06 09:13:00,33382.7,33386.2,33380.2,33380.2,33386.3,33389.8,33383.8,33383.8,,,,,55
2023-03-06 09:14:00,33379.7,33381.7,33379.2,33380.2,33383.3,33385.3,33382.8,33383.8,,,,,27
2023-03-06 09:15:00,33380.7,33385.2,33371.7,33374.2,33384.3,33388.8,33375.3,33377.8,,,,,53
2023-03-06 09:16:00,33374.7,33375.7,33365.7,33366.2,33378.3,33379.3,33369.3,33369.8,,,,,41
2023-03-06 09:17:00,33366.7,33368.2,33363.7,33364.2,33370.3,33371.8,33367.3,33367.8,,,,,65
2023-03-06 09:18:00,33365.2,33365.2,33357.7,33361.7,33368.8,33368.8,33361.3,33365.3,,,,,129
2023-03-06 09:19:00,33362.2,33364.7,33358.7,33362.2,33365.8,33368.3,33362.3,33365.8,,,,,44
2023-03-06 09:20:00,33361.7,33364.7,33361.2,33363.2,33365.3,33368.3,33364.8,33366.8,,,,,73
2023-03-06 09:21:00,33363.7,33370.7,33363.2,33368.2,33367.3,33374.3,33366.8,33371.8,,,,,34
2023-03-06 09:22:00,33367.7,33377.2,33367.7,33377.2,33371.3,33380.8,33371.3,33380.8,,,,,57
2023-03-06 09:23:00,33377.7,33379.2,33370.2,33376.2,33381.3,33382.8,33373.8,33379.8,,,,,87
2023-03-06 09:24:00,33376.7,33380.7,33371.2,33372.7,33380.3,33384.3,33374.8,33376.3,,,,,68
2023-03-06 09:25:00,33373.2,33373.2,33367.7,33371.2,33376.8,33376.8,33371.3,33374.8,,,,,36
2023-03-06 09:26:00,33371.7,33373.2,33360.7,33360.7,33375.3,33376.8,33364.3,33364.3,,,,,42
2023-03-06 09:27:00,33361.2,33367.7,33359.2,33363.2,33364.8,33371.3,33362.8,33366.8,,,,,57
2023-03-06 09:28:00,33362.7,33365.2,33358.2,33358.2,33366.3,33368.8,33361.8,33361.8,,,,,41
2023-03-06 09:29:00,33357.7,33363.7,33357.7,33360.2,33361.3,33367.3,33361.3,33363.8,,,,,28
2023-03-06 09:30:00,33359.7,33364.2,33355.7,33358.7,33363.3,33367.8,33359.3,33362.3,,,,,135
2023-03-06 09:31:00,33359.2,33365.2,33356.7,33363.2,33362.8,33368.8,33360.3,33366.8,,,,,114
2023-03-06 09:32:00,33363.7,33366.7,33360.7,33363.2,33367.3,33370.3,33364.3,33366.8,,,,,40
2023-03-06 09:33:00,33362.7,33366.2,33358.7,33366.2,33366.3,33369.8,33362.3,33369.8,,,,,39
2023-03-06 09:34:00,33367.2,33369.2,33363.7,33368.2,33370.8,33372.8,33367.3,33371.8,,,,,57
2023-03-06 09:35:00,33368.7,33374.7,33367.2,33373.2,33372.3,33378.3,33370.8,33376.8,,,,,81
2023-03-06 09:36:00,33372.7,33374.2,33365.7,33373.2,33376.3,33377.8,33369.3,33376.8,,,,,87
2023-03-06 09:37:00,33372.2,33375.2,33370.2,33371.2,33375.8,33378.8,33373.8,33374.8,,,,,19
2023-03-06 09:38:00,33370.7,33374.7,33368.7,33371.7,33374.3,33378.3,33372.3,33375.3,,,,,40
2023-03-06 09:39:00,33372.2,33376.2,33370.7,33376.2,33375.8,33379.8,33374.3,33379.8,,,,,25
2023-03-06 09:40:00,33376.7,33378.2,33372.2,33376.2,33380.3,33381.8,33375.8,33379.8,,,,,38
2023-03-06 09:41:00,33375.7,33378.2,33371.2,33374.2,33379.3,33381.8,33374.8,33377.8,,,,,37
2023-03-06 09:42:00,33375.2,33383.7,33375.2,33383.2,33378.8,33387.3,33378.8,33386.8,,,,,38
2023-03-06 09:43:00,33382.7,33386.2,33376.7,33379.2,33386.3,33389.8,33380.3,33382.8,,,,,31
2023-03-06 09:44:00,33379.7,33381.7,33377.2,33381.2,33383.3,33385.3,33380.8,33384.8,,,,,28
2023-03-06 09:45:00,33380.7,33380.7,33369.7,33370.2,33384.3,33384.3,33373.3,33373.8,,,,,22
2023-03-06 09:46:00,33370.7,33372.2,33366.7,33370.7,33374.3,33375.8,33370.3,33374.3,,,,,26
2023-03-06 09:47:00,33370.2,33370.7,33364.2,33369.2,33373.8,33374.3,33367.8,33372.8,,,,,32
2023-03-06 09:48:00,33368.7,33375.7,33368.7,33375.2,33372.3,33379.3,33372.3,33378.8,,,,,23
2023-03-06 09:49:00,33374.7,33375.2,33371.7,33374.7,33378.3,33378.8,33375.3,33378.3,,,,,10
2023-03-06 09:50:00,33375.2,33375.7,33367.7,33369.7,33378.8,33379.3,33371.3,33373.3,,,,,32
2023-03-06 09:51:00,33368.7,33369.2,33365.2,33366.2,33372.3,33372.8,33368.8,33369.8,,,,,41
2023-03-06 09:52:00,33365.7,33371.2,33364.2,33365.2,33369.3,33374.8,33367.8,33368.8,,,,,74
2023-03-06 09:53:00,33365.7,33372.2,33365.7,33368.2,33369.3,33375.8,33369.3,33371.8,,,,,51
2023-03-06 09:54:00,33367.7,33372.2,33365.7,33372.2,33371.3,33375.8,33369.3,33375.8,,,,,10
2023-03-06 09:55:00,33371.7,33374.2,33371.2,33373.2,33375.3,33377.8,33374.8,33376.8,,,,,26
2023-03-06 09:56:00,33373.7,33374.2,33367.7,33368.2,33377.3,33377.8,33371.3,33371.8,,,,,30
2023-03-06 09:57:00,33367.7,33370.7,33364.2,33369.2,33371.3,33374.3,33367.8,33372.8,,,,,67
2023-03-06 09:58:00,33369.7,33372.7,33369.7,33372.2,33373.3,33376.3,33373.3,33375.8,,,,,27
2023-03-06 09:59:00,33371.7,33375.2,33370.2,33374.7,33375.3,33378.8,33373.8,33378.3,,,,,33
2023-03-06 10:00:00,33373.2,33378.7,33371.2,33375.2,33376.8,33382.3,33374.8,33378.8,,,,,77
2023-03-06 10:01:00,33374.7,33386.2,33374.7,33383.2,33378.3,33389.8,33378.3,33386.8,,,,,66
2023-03-06 10:02:00,33382.7,33384.7,33378.7,33381.2,33386.3,33388.3,33382.3,33384.8,,,,,22
2023-03-06 10:03:00,33380.7,33381.2,33375.7,33376.2,33384.3,33384.8,33379.3,33379.8,,,,,17
2023-03-06 10:04:00,33375.7,33377.2,33372.2,33376.2,33379.3,33380.8,33375.8,33379.8,,,,,11
2023-03-06 10:05:00,33375.7,33381.2,33373.2,33380.2,33379.3,33384.8,33376.8,33383.8,,,,,24
2023-03-06 10:06:00,33379.7,33382.7,33372.7,33376.2,33383.3,33386.3,33376.3,33379.8,,,,,50
2023-03-06 10:07:00,33376.7,33377.2,33367.2,33370.2,33380.3,33380.8,33370.8,33373.8,,,,,29
2023-03-06 10:08:00,33369.7,33374.2,33367.7,33370.2,33373.3,33377.8,33371.3,33373.8,,,,,29
2023-03-06 10:09:00,33369.7,33371.2,33366.7,33368.2,33373.3,33374.8,33370.3,33371.8,,,,,17
2023-03-06 10:10:00,33368.7,33372.7,33368.2,33370.2,33372.3,33376.3,33371.8,33373.8,,,,,44
2023-03-06 10:11:00,33370.7,33380.2,33368.2,33379.2,33374.3,33383.8,33371.8,33382.8,,,,,38
2023-03-06 10:12:00,33378.7,33384.2,33377.7,33384.2,33382.3,33387.8,33381.3,33387.8,,,,,21
2023-03-06 10:13:00,33383.7,33384.2,33375.7,33377.2,33387.3,33387.8,33379.3,33380.8,,,,,14
2023-03-06 10:14:00,33376.7,33381.2,33376.7,33380.2,33380.3,33384.8,33380.3,33383.8,,,,,22
2023-03-06 10:15:00,33379.7,33379.7,33372.7,33373.2,33383.3,33383.3,33376.3,33376.8,,,,,14
2023-03-06 10:16:00,33373.7,33382.7,33372.2,33379.2,33377.3,33386.3,33375.8,33382.8,,,,,39
2023-03-06 10:17:00,33378.7,33382.2,33374.2,33375.7,33382.3,33385.8,33377.8,33379.3,,,,,32
2023-03-06 10:18:00,33376.2,33378.2,33373.2,33375.2,33379.8,33381.8,33376.8,33378.8,,,,,38
2023-03-06 10:19:00,33374.7,33374.7,33370.2,33372.2,33378.3,33378.3,33373.8,33375.8,,,,,15
2023-03-06 10:20:00,33372.7,33375.7,33370.2,33371.7,33376.3,33379.3,33373.8,33375.3,,,,,33
2023-03-06 10:21:00,33371.2,33373.2,33369.2,33371.2,33374.8,33376.8,33372.8,33374.8,,,,,63
2023-03-06 10:22:00,33371.7,33372.7,33368.7,33369.2,33375.3,33376.3,33372.3,33372.8,,,,,58
2023-03-06 10:23:00,33368.7,33370.2,33367.2,33368.2,33372.3,33373.8,33370.8,33371.8,,,,,13
2023-03-06 10:24:00,33367.7,33371.7,33366.2,33368.7,33371.3,33375.3,33369.8,33372.3,,,,,33
2023-03-06 10:25:00,33369.2,33369.7,33362.7,33363.2,33372.8,33373.3,33366.3,33366.8,,,,,57
2023-03-06 10:26:00,33363.7,33367.2,33362.7,33366.2,33367.3,33370.8,33366.3,33369.8,,,,,35
2023-03-06 10:27:00,33365.7,33369.2,33361.2,33361.2,33369.3,33372.8,33364.8,33364.8,,,,,74
2023-03-06 10:28:00,33360.7,33363.7,33358.7,33360.2,33364.3,33367.3,33362.3,33363.8,,,,,45
2023-03-06 10:29:00,33360.7,33362.7,33359.7,33360.2,33364.3,33366.3,33363.3,33363.8,,,,,28
2023-03-06 10:30:00,33359.7,33361.2,33357.7,33359.2,33363.3,33364.8,33361.3,33362.8,,,,,41
2023-03-06 10:31:00,33358.7,33360.7,33357.7,33359.7,33362.3,33364.3,33361.3,33363.3,,,,,18
2023-03-06 10:32:00,33360.2,33362.7,33357.7,33362.2,33363.8,33366.3,33361.3,33365.8,,,,,12
2023-03-06 10:33:00,33361.7,33363.2,33357.7,33358.2,33365.3,33366.8,33361.3,33361.8,,,,,35
2023-03-06 10:34:00,33358.7,33363.7,33356.7,33361.2,33362.3,33367.3,33360.3,33364.8,,,,,32
2023-03-06 10:35:00,33360.7,33361.2,33351.7,33352.2,33364.3,33364.8,33355.3,33355.8,,,,,78
2023-03-06 10:36:00,33352.7,33359.2,33352.7,33356.2,33356.3,33362.8,33356.3,33359.8,,,,,51
2023-03-06 10:37:00,33356.7,33357.2,33351.2,33355.2,33360.3,33360.8,33354.8,33358.8,,,,,58
2023-03-06 10:38:00,33354.7,33359.2,33354.2,33355.2,33358.3,33362.8,33357.8,33358.8,,,,,14
2023-03-06 10:39:00,33355.7,33357.7,33353.7,33357.2,33359.3,33361.3,33357.3,33360.8,,,,,12
2023-03-06 10:40:00,33356.7,33365.2,33356.2,33364.7,33360.3,33368.8,33359.8,33368.3,,,,,66
2023-03-06 10:41:00,33365.2,33366.7,33362.2,33364.7,33368.8,33370.3,33365.8,33368.3,,,,,19
2023-03-06 10:42:00,33364.2,33367.2,33362.7,33366.2,33367.8,33370.8,33366.3,33369.8,,,,,21
2023-03-06 10:43:00,33365.7,33367.2,33363.2,33365.7,33369.3,33370.8,33366.8,33369.3,,,,,16
2023-03-06 10:44:00,33366.2,33368.2,33364.7,33367.2,33369.8,33371.8,33368.3,33370.8,,,,,16
2023-03-06 10:45:00,33366.7,33368.7,33361.7,33367.2,33370.3,33372.3,33365.3,33370.8,,,,,69
2023-03-06 10:46:00,33367.7,33376.7,33367.7,33375.7,33371.3,33380.3,33371.3,33379.3,,,,,40
2023-03-06 10:47:00,33375.2,33376.2,33373.2,33373.2,33378.8,33379.8,33376.8,33376.8,,,,,24
2023-03-06 10:48:00,33372.7,33377.2,33372.7,33375.2,33376.3,33380.8,33376.3,33378.8,,,,,47
2023-03-06 10:49:00,33375.7,33375.7,33372.2,33372.2,33379.3,33379.3,33375.8,33375.8,,,,,12
2023-03-06 10:50:00,33372.7,33379.2,33372.7,33378.2,33376.3,33382.8,33376.3,33381.8,,,,,19
2023-03-06 10:51:00,33377.7,33380.7,33377.2,33380.7,33381.3,33384.3,33380.8,33384.3,,,,,29
2023-03-06 10:52:00,33380.2,33390.7,33380.2,33387.2,33383.8,33394.3,33383.8,33390.8,,,,,65
2023-03-06 10:53:00,33386.7,33387.7,33383.7,33386.7,33390.3,33391.3,33387.3,33390.3,,,,,16
2023-03-06 10:54:00,33387.2,33393.2,33386.7,33393.2,33390.8,33396.8,33390.3,33396.8,,,,,51
2023-03-06 10:55:00,33392.7,33393.2,33382.2,33385.2,33396.3,33396.8,33385.8,33388.8,,,,,28
2023-03-06 10:56:00,33384.7,33388.2,33383.7,33387.2,33388.3,33391.8,33387.3,33390.8,,,,,19
2023-03-06 10:57:00,33386.7,33387.7,33383.2,33386.2,33390.3,33391.3,33386.8,33389.8,,,,,16
2023-03-06 10:58:00,33386.7,33388.2,33384.7,33387.2,33390.3,33391.8,33388.3,33390.8,,,,,11
2023-03-06 10:59:00,33386.7,33387.2,33383.2,33384.2,33390.3,33390.8,33386.8,33387.8,,,,,24
2023-03-06 11:00:00,33384.7,33387.7,33384.2,33384.2,33388.3,33391.3,33387.8,33387.8,,,,,47
2023-03-06 11:01:00,33383.7,33386.7,33380.7,33381.2,33387.3,33390.3,33384.3,33384.8,,,,,22
2023-03-06 11:02:00,33380.7,33381.7,33375.7,33378.2,33384.3,33385.3,33379.3,33381.8,,,,,35
2023-03-06 11:03:00,33377.7,33380.2,33376.7,33377.7,33381.3,33383.8,33380.3,33381.3,,,,,28
2023-03-06 11:04:00,33377.2,33381.2,33376.7,33380.7,33380.8,33384.8,33380.3,33384.3,,,,,23
2023-03-06 11:05:00,33380.2,33384.7,33379.7,33384.2,33383.8,33388.3,33383.3,33387.8,,,,,31
2023-03-06 11:06:00,33383.7,33386.7,33383.2,33384.2,33387.3,33390.3,33386.8,33387.8,,,,,25
2023-03-06 11:07:00,33384.7,33384.7,33380.7,33382.7,33388.3,33388.3,33384.3,33386.3,,,,,18
2023-03-06 11:08:00,33381.7,33384.7,33380.2,33380.2,33385.3,33388.3,33383.8,33383.8,,,,,22
2023-03-06 11:09:00,33379.7,33382.7,33378.7,33379.7,33383.3,33386.3,33382.3,33383.3,,,,,34
2023-03-06 11:10:00,33380.2,33389.7,33380.2,33388.2,33383.8,33393.3,33383.8,33391.8,,,,,38
2023-03-06 11:11:00,33388.7,33393.2,33386.7,33393.2,33392.3,33396.8,33390.3,33396.8,,,,,62
2023-03-06 11:12:00,33392.7,33395.7,33390.7,33394.2,33396.3,33399.3,33394.3,33397.8,,,,,54
2023-03-06 11:13:00,33394.7,33396.2,33389.2,33389.2,33398.3,33399.8,33392.8,33392.8,,,,,47
2023-03-06 11:14:00,33389.7,33393.2,33387.2,33393.2,33393.3,33396.8,33390.8,33396.8,,,,,13
2023-03-06 11:15:00,33393.7,33394.2,33391.2,33392.2,33397.3,33397.8,33394.8,33395.8,,,,,45
2023-03-06 11:16:00,33391.7,33392.7,33387.7,33389.7,33395.3,33396.3,33391.3,33393.3,,,,,33
2023-03-06 11:17:00,33389.2,33390.7,33387.7,33389.7,33392.8,33394.3,33391.3,33393.3,,,,,16
2023-03-06 11:18:00,33390.2,33398.2,33389.7,33398.2,33393.8,33401.8,33393.3,33401.8,,,,,97
2023-03-06 11:19:00,33397.7,33398.2,33392.7,33393.2,33401.3,33401.8,33396.3,33396.8,,,,,35
2023-03-06 11:20:00,33392.7,33393.7,33388.7,33390.2,33396.3,33397.3,33392.3,33393.8,,,,,55
2023-03-06 11:21:00,33389.7,33391.7,33386.2,33386.2,33393.3,33395.3,33389.8,33389.8,,,,,24
2023-03-06 11:22:00,33385.7,33386.7,33384.2,33385.2,33389.3,33390.3,33387.8,33388.8,,,,,8
2023-03-06 11:23:00,33385.7,33396.2,33385.7,33393.2,33389.3,33399.8,33389.3,33396.8,,,,,24
2023-03-06 11:24:00,33392.7,33392.7,33387.2,33390.2,33396.3,33396.3,33390.8,33393.8,,,,,18
2023-03-06 11:25:00,33390.7,33391.2,33383.2,33384.2,33394.3,33394.8,33386.8,33387.8,,,,,38
2023-03-06 11:26:00,33384.7,33386.2,33382.7,33385.2,33388.3,33389.8,33386.3,33388.8,,,,,19
2023-03-06 11:27:00,33384.7,33384.7,33379.7,33382.2,33388.3,33388.3,33383.3,33385.8,,,,,30
2023-03-06 11:28:00,33381.7,33384.7,33380.7,33384.2,33385.3,33388.3,33384.3,33387.8,,,,,14
2023-03-06 11:29:00,33383.7,33385.2,33382.7,33384.2,33387.3,33388.8,33386.3,33387.8,,,,,21
2023-03-06 11:30:00,33383.7,33383.7,33377.7,33378.2,33387.3,33387.3,33381.3,33381.8,,,,,53
2023-03-06 11:31:00,33377.7,33383.2,33376.7,33383.2,33381.3,33386.8,33380.3,33386.8,,,,,63
2023-03-06 11:32:00,33383.7,33384.2,33381.2,33381.2,33387.3,33387.8,33384.8,33384.8,,,,,10
2023-03-06 11:33:00,33380.7,33381.2,33377.7,33378.7,33384.3,33384.8,33381.3,33382.3,,,,,20
2023-03-06 11:34:00,33378.2,33386.7,33377.7,33383.2,33381.8,33390.3,33381.3,33386.8,,,,,31
2023-03-06 11:35:00,33382.7,33383.7,33379.7,33382.2,33386.3,33387.3,33383.3,33385.8,,,,,21
2023-03-06 11:36:00,33382.7,33385.2,33381.7,33382.2,33386.3,33388.8,33385.3,33385.8,,,,,17
2023-03-06 11:37:00,33382.7,33382.7,33376.7,33377.2,33386.3,33386.3,33380.3,33380.8,,,,,4
2023-03-06 11:38:00,33376.7,33381.2,33375.2,33380.2,33380.3,33384.8,33378.8,33383.8,,,,,45
2023-03-06 11:39:00,33379.7,33382.7,33378.7,33382.2,33383.3,33386.3,33382.3,33385.8,,,,,16
2023-03-06 11:40:00,33382.7,33384.7,33381.7,33383.2,33386.3,33388.3,33385.3,33386.8,,,,,16
2023-03-06 11:41:00,33382.7,33382.7,33380.2,33382.2,33386.3,33386.3,33383.8,33385.8,,,,,42
2023-03-06 11:42:00,33381.7,33382.2,33379.7,33380.2,33385.3,33385.8,33383.3,33383.8,,,,,17
2023-03-06 11:43:00,33379.7,33381.2,33378.7,33379.7,33383.3,33384.8,33382.3,33383.3,,,,,29
2023-03-06 11:44:00,33379.2,33380.7,33372.7,33374.7,33382.8,33384.3,33376.3,33378.3,,,,,25
2023-03-06 11:45:00,33374.2,33374.7,33367.2,33369.2,33377.8,33378.3,33370.8,33372.8,,,,,83
2023-03-06 11:46:00,33368.7,33369.2,33359.7,33360.2,33372.3,33372.8,33363.3,33363.8,,,,,66
2023-03-06 11:47:00,33359.7,33364.2,33357.2,33363.7,33363.3,33367.8,33360.8,33367.3,,,,,44
2023-03-06 11:48:00,33363.2,33364.2,33349.2,33352.2,33366.8,33367.8,33352.8,33355.8,,,,,102
2023-03-06 11:49:00,33351.7,33355.2,33347.2,33354.7,33355.3,33358.8,33350.8,33358.3,,,,,82
2023-03-06 11:50:00,33354.2,33359.7,33352.7,33353.2,33357.8,33363.3,33356.3,33356.8,,,,,86
2023-03-06 11:51:00,33353.7,33353.7,33343.2,33343.2,33357.3,33357.3,33346.8,33346.8,,,,,59
2023-03-06 11:52:00,33343.7,33348.2,33340.7,33347.7,33347.3,33351.8,33344.3,33351.3,,,,,114
2023-03-06 11:53:00,33347.2,33350.2,33343.2,33350.2,33350.8,33353.8,33346.8,33353.8,,,,,31
2023-03-06 11:54:00,33349.7,33351.2,33340.2,33341.2,33353.3,33354.8,33343.8,33344.8,,,,,83
2023-03-06 11:55:00,33341.7,33346.7,33337.7,33345.2,33345.3,33350.3,33341.3,33348.8,,,,,99
2023-03-06 11:56:00,33345.7,33351.2,33343.2,33349.7,33349.3,33354.8,33346.8,33353.3,,,,,49
2023-03-06 11:57:00,33349.2,33349.7,33345.7,33348.2,33352.8,33353.3,33349.3,33351.8,,,,,44
2023-03-06 11:58:00,33348.7,33351.7,33345.2,33349.2,33352.3,33355.3,33348.8,33352.8,,,,,67
2023-03-06 11:59:00,33348.7,33349.2,33344.2,33344.2,33352.3,33352.8,33347.8,33347.8,,,,,50
2023-03-06 12:00:00,33345.2,33348.7,33340.2,33341.2,33348.8,33352.3,33343.8,33344.8,,,,,89
2023-03-06 12:01:00,33340.7,33345.7,33339.2,33343.2,33344.3,33349.3,33342.8,33346.8,,,,,51
2023-03-06 12:02:00,33343.7,33351.7,33342.7,33347.2,33347.3,33355.3,33346.3,33350.8,,,,,61
2023-03-06 12:03:00,33346.7,33350.2,33343.2,33349.2,33350.3,33353.8,33346.8,33352.8,,,,,43
2023-03-06 12:04:00,33348.7,33350.7,33346.2,33349.2,33352.3,33354.3,33349.8,33352.8,,,,,52
2023-03-06 12:05:00,33348.7,33349.2,33344.7,33346.7,33352.3,33352.8,33348.3,33350.3,,,,,39
2023-03-06 12:06:00,33347.2,33351.2,33346.2,33351.2,33350.8,33354.8,33349.8,33354.8,,,,,18
2023-03-06 12:07:00,33351.7,33356.7,33349.7,33352.2,33355.3,33360.3,33353.3,33355.8,,,,,54
2023-03-06 12:08:00,33350.2,33351.2,33346.2,33346.2,33353.8,33354.8,33349.8,33349.8,,,,,63
2023-03-06 12:09:00,33346.7,33352.2,33345.7,33352.2,33350.3,33355.8,33349.3,33355.8,,,,,64
2023-03-06 12:10:00,33351.7,33354.7,33348.7,33348.7,33355.3,33358.3,33352.3,33352.3,,,,,24
2023-03-06 12:11:00,33348.2,33350.7,33345.7,33346.2,33351.8,33354.3,33349.3,33349.8,,,,,45
2023-03-06 12:12:00,33345.7,33350.7,33341.7,33350.2,33349.3,33354.3,33345.3,33353.8,,,,,63
2023-03-06 12:13:00,33349.7,33350.7,33345.7,33349.2,33353.3,33354.3,33349.3,33352.8,,,,,51
2023-03-06 12:14:00,33349.7,33350.2,33344.2,33344.2,33353.3,33353.8,33347.8,33347.8,,,,,24
2023-03-06 12:15:00,33344.7,33352.7,33344.2,33352.2,33348.3,33356.3,33347.8,33355.8,,,,,52
2023-03-06 12:16:00,33351.7,33351.7,33342.2,33344.2,33355.3,33355.3,33345.8,33347.8,,,,,27
2023-03-06 12:17:00,33343.7,33347.2,33343.7,33344.7,33347.3,33350.8,33347.3,33348.3,,,,,18
2023-03-06 12:18:00,33345.2,33350.7,33345.2,33349.2,33348.8,33354.3,33348.8,33352.8,,,,,22
2023-03-06 12:19:00,33349.7,33351.7,33348.2,33350.2,33353.3,33355.3,33351.8,33353.8,,,,,29
2023-03-06 12:20:00,33350.7,33359.2,33349.7,33358.2,33354.3,33362.8,33353.3,33361.8,,,,,93
2023-03-06 12:21:00,33358.7,33360.2,33354.7,33358.2,33362.3,33363.8,33358.3,33361.8,,,,,46
2023-03-06 12:22:00,33357.7,33360.7,33356.7,33359.7,33361.3,33364.3,33360.3,33363.3,,,,,16
2023-03-06 12:23:00,33360.2,33360.2,33356.2,33357.7,33363.8,33363.8,33359.8,33361.3,,,,,22
2023-03-06 12:24:00,33358.2,33358.7,33354.7,33358.2,33361.8,33362.3,33358.3,33361.8,,,,,11
2023-03-06 12:25:00,33357.7,33360.2,33356.2,33358.7,33361.3,33363.8,33359.8,33362.3,,,,,17
2023-03-06 12:26:00,33358.2,33359.2,33356.2,33356.7,33361.8,33362.8,33359.8,33360.3,,,,,28
2023-03-06 12:27:00,33357.7,33360.7,33357.2,33359.2,33361.3,33364.3,33360.8,33362.8,,,,,13
2023-03-06 12:28:00,33359.7,33359.7,33356.2,33358.2,33363.3,33363.3,33359.8,33361.8,,,,,14
2023-03-06 12:29:00,33358.7,33359.2,33355.2,33356.2,33362.3,33362.8,33358.8,33359.8,,,,,34
2023-03-06 12:30:00,33355.7,33360.7,33349.7,33358.2,33359.3,33364.3,33353.3,33361.8,,,,,148
2023-03-06 12:31:00,33358.7,33359.7,33355.2,33355.2,33362.3,33363.3,33358.8,33358.8,,,,,12
2023-03-06 12:32:00,33355.7,33357.7,33355.2,33356.2,33359.3,33361.3,33358.8,33359.8,,,,,32
2023-03-06 12:33:00,33356.7,33359.7,33353.7,33359.2,33360.3,33363.3,33357.3,33362.8,,,,,37
2023-03-06 12:34:00,33359.7,33361.2,33352.2,33352.7,33363.3,33364.8,33355.8,33356.3,,,,,16
2023-03-06 12:35:00,33352.2,33360.7,33351.2,33360.2,33355.8,33364.3,33354.8,33363.8,,,,,35
2023-03-06 12:36:00,33359.7,33361.2,33356.7,33357.7,33363.3,33364.8,33360.3,33361.3,,,,,19
2023-03-06 12:37:00,33358.2,33361.7,33358.2,33360.2,33361.8,33365.3,33361.8,33363.8,,,,,29
2023-03-06 12:38:00,33360.7,33366.2,33359.7,33364.7,33364.3,33369.8,33363.3,33368.3,,,,,52
2023-03-06 12:39:00,33364.2,33366.2,33361.7,33365.2,33367.8,33369.8,33365.3,33368.8,,,,,54
2023-03-06 12:40:00,33365.7,33367.2,33362.7,33364.7,33369.3,33370.8,33366.3,33368.3,,,,,39
2023-03-06 12:41:00,33365.2,33365.7,33362.2,33364.2,33368.8,33369.3,33365.8,33367.8,,,,,25
2023-03-06 12:42:00,33363.7,33365.7,33361.2,33363.2,33367.3,33369.3,33364.8,33366.8,,,,,24
2023-03-06 12:43:00,33363.7,33366.2,33362.2,33364.2,33367.3,33369.8,33365.8,33367.8,,,,,26
2023-03-06 12:44:00,33364.7,33367.2,33363.2,33366.2,33368.3,33370.8,33366.8,33369.8,,,,,19
2023-03-06 12:45:00,33366.7,33367.7,33362.7,33363.7,33370.3,33371.3,33366.3,33367.3,,,,,71
2023-03-06 12:46:00,33363.2,33365.7,33360.7,33363.7,33366.8,33369.3,33364.3,33367.3,,,,,43
2023-03-06 12:47:00,33364.2,33366.2,33360.2,33365.7,33367.8,33369.8,33363.8,33369.3,,,,,34
2023-03-06 12:48:00,33366.2,33366.7,33363.2,33365.7,33369.8,33370.3,33366.8,33369.3,,,,,19
2023-03-06 12:49:00,33366.2,33368.7,33364.7,33367.2,33369.8,33372.3,33368.3,33370.8,,,,,28
2023-03-06 12:50:00,33367.7,33373.2,33367.2,33370.2,33371.3,33376.8,33370.8,33373.8,,,,,47
2023-03-06 12:51:00,33370.7,33373.7,33370.2,33373.2,33374.3,33377.3,33373.8,33376.8,,,,,25
2023-03-06 12:52:00,33372.7,33379.2,33370.7,33372.2,33376.3,33382.8,33374.3,33375.8,,,,,45
2023-03-06 12:53:00,33371.7,33376.2,33370.7,33376.2,33375.3,33379.8,33374.3,33379.8,,,,,30
2023-03-06 12:54:00,33376.7,33383.7,33374.7,33383.2,33380.3,33387.3,33378.3,33386.8,,,,,86
2023-03-06 12:55:00,33383.7,33383.7,33375.2,33376.2,33387.3,33387.3,33378.8,33379.8,,,,,71
2023-03-06 12:56:00,33376.7,33379.7,33373.7,33374.2,33380.3,33383.3,33377.3,33377.8,,,,,31
2023-03-06 12:57:00,33374.7,33378.7,33373.7,33378.2,33378.3,33382.3,33377.3,33381.8,,,,,21
2023-03-06 12:58:00,33378.7,33380.7,33375.2,33375.7,33382.3,33384.3,33378.8,33379.3,,,,,21
2023-03-06 12:59:00,33375.2,33384.2,33375.2,33383.2,33378.8,33387.8,33378.8,33386.8,,,,,69
2023-03-06 13:00:00,33383.7,33383.7,33374.7,33375.2,33387.3,33387.3,33378.3,33378.8,,,,,92
2023-03-06 13:01:00,33374.7,33378.7,33371.7,33373.2,33378.3,33382.3,33375.3,33376.8,,,,,52
2023-03-06 13:02:00,33372.7,33373.2,33366.7,33369.7,33376.3,33376.8,33370.3,33373.3,,,,,67
2023-03-06 13:03:00,33370.2,33370.7,33360.7,33366.7,33373.8,33374.3,33364.3,33370.3,,,,,104
2023-03-06 13:04:00,33367.2,33370.7,33366.2,33369.7,33370.8,33374.3,33369.8,33373.3,,,,,85
2023-03-06 13:05:00,33369.2,33369.7,33363.2,33365.2,33372.8,33373.3,33366.8,33368.8,,,,,67
2023-03-06 13:06:00,33364.7,33366.2,33357.7,33359.2,33368.3,33369.8,33361.3,33362.8,,,,,101
2023-03-06 13:07:00,33359.7,33363.2,33358.7,33361.2,33363.3,33366.8,33362.3,33364.8,,,,,81
2023-03-06 13:08:00,33361.7,33361.7,33357.7,33358.2,33365.3,33365.3,33361.3,33361.8,,,,,66
2023-03-06 13:09:00,33358.7,33366.7,33358.7,33366.2,33362.3,33370.3,33362.3,33369.8,,,,,80
2023-03-06 13:10:00,33367.2,33375.7,33366.2,33369.7,33370.8,33379.3,33369.8,33373.3,,,,,99
2023-03-06 13:11:00,33369.2,33380.7,33369.2,33380.7,33372.8,33384.3,33372.8,33384.3,,,,,72
2023-03-06 13:12:00,33380.2,33383.2,33377.7,33380.2,33383.8,33386.8,33381.3,33383.8,,,,,76
2023-03-06 13:13:00,33380.7,33393.7,33379.7,33392.2,33384.3,33397.3,33383.3,33395.8,,,,,178
2023-03-06 13:14:00,33392.7,33393.7,33389.7,33390.2,33396.3,33397.3,33393.3,33393.8,,,,,64
2023-03-06 13:15:00,33390.7,33390.7,33382.2,33385.2,33394.3,33394.3,33385.8,33388.8,,,,,131
2023-03-06 13:16:00,33385.7,33388.7,33380.7,33381.2,33389.3,33392.3,33384.3,33384.8,,,,,78
2023-03-06 13:17:00,33380.7,33383.7,33379.7,33381.2,33384.3,33387.3,33383.3,33384.8,,,,,52
2023-03-06 13:18:00,33381.7,33384.7,33378.2,33382.2,33385.3,33388.3,33381.8,33385.8,,,,,60
2023-03-06 13:19:00,33381.7,33383.7,33380.2,33383.2,33385.3,33387.3,33383.8,33386.8,,,,,20
2023-03-06 13:20:00,33383.7,33386.7,33380.7,33381.2,33387.3,33390.3,33384.3,33384.8,,,,,77
2023-03-06 13:21:00,33381.7,33388.7,33381.2,33387.2,33385.3,33392.3,33384.8,33390.8,,,,,117
2023-03-06 13:22:00,33386.7,33398.2,33386.2,33398.2,33390.3,33401.8,33389.8,33401.8,,,,,61
2023-03-06 13:23:00,33399.2,33404.7,33396.7,33404.7,33402.8,33408.3,33400.3,33408.3,,,,,140
2023-03-06 13:24:00,33404.2,33407.2,33400.7,33407.2,33407.8,33410.8,33404.3,33410.8,,,,,117
2023-03-06 13:25:00,33406.7,33409.7,33402.7,33406.2,33410.3,33413.3,33406.3,33409.8,,,,,125
2023-03-06 13:26:00,33405.7,33405.7,33399.2,33400.2,33409.3,33409.3,33402.8,33403.8,,,,,63
2023-03-06 13:27:00,33400.7,33403.2,33397.7,33399.2,33404.3,33406.8,33401.3,33402.8,,,,,49
2023-03-06 13:28:00,33399.7,33401.7,33397.7,33400.7,33403.3,33405.3,33401.3,33404.3,,,,,34
2023-03-06 13:29:00,33401.2,33407.2,33399.7,33405.2,33404.8,33410.8,33403.3,33408.8,,,,,97
2023-03-06 13:30:00,33405.7,33408.2,33399.7,33400.7,33409.3,33411.8,33403.3,33404.3,,,,,82
2023-03-06 13:31:00,33400.2,33408.7,33400.2,33408.2,33403.8,33412.3,33403.8,33411.8,,,,,70
2023-03-06 13:32:00,33407.7,33411.2,33406.7,33411.2,33411.3,33414.8,33410.3,33414.8,,,,,64
2023-03-06 13:33:00,33411.7,33413.2,33408.2,33413.2,33415.3,33416.8,33411.8,33416.8,,,,,130
2023-03-06 13:34:00,33412.7,33418.7,33410.7,33413.7,33416.3,33422.3,33414.3,33417.3,,,,,133
2023-03-06 13:35:00,33414.2,33422.7,33414.2,33418.7,33417.8,33426.3,33417.8,33422.3,,,,,133
2023-03-06 13:36:00,33419.2,33427.7,33417.7,33426.7,33422.8,33431.3,33421.3,33430.3,,,,,128
2023-03-06 13:37:00,33427.2,33433.2,33427.2,33432.2,33430.8,33436.8,33430.8,33435.8,,,,,86
2023-03-06 13:38:00,33432.7,33433.2,33428.7,33431.2,33436.3,33436.8,33432.3,33434.8,,,,,97
2023-03-06 13:39:00,33430.7,33439.2,33429.7,33438.7,33434.3,33442.8,33433.3,33442.3,,,,,167
2023-03-06 13:40:00,33439.2,33443.2,33437.7,33439.2,33442.8,33446.8,33441.3,33442.8,,,,,137
2023-03-06 13:41:00,33439.7,33443.7,33438.2,33438.2,33443.3,33447.3,33441.8,33441.8,,,,,135
2023-03-06 13:42:00,33437.7,33442.2,33437.7,33442.2,33441.3,33445.8,33441.3,33445.8,,,,,100
2023-03-06 13:43:00,33442.7,33461.7,33440.2,33457.2,33446.3,33465.3,33443.8,33460.8,,,,,219
2023-03-06 13:44:00,33457.7,33457.7,33447.7,33450.2,33461.3,33461.3,33451.3,33453.8,,,,,90
2023-03-06 13:45:00,33449.7,33450.2,33445.7,33446.2,33453.3,33453.8,33449.3,33449.8,,,,,58
2023-03-06 13:46:00,33446.7,33454.2,33446.7,33454.2,33450.3,33457.8,33450.3,33457.8,,,,,66
2023-03-06 13:47:00,33453.7,33457.7,33450.2,33451.2,33457.3,33461.3,33453.8,33454.8,,,,,401
2023-03-06 13:48:00,33451.7,33457.7,33449.2,33456.2,33455.3,33461.3,33452.8,33459.8,,,,,84
2023-03-06 13:49:00,33455.7,33458.2,33447.7,33449.2,33459.3,33461.8,33451.3,33452.8,,,,,84
2023-03-06 13:50:00,33448.7,33449.2,33438.7,33439.7,33452.3,33452.8,33442.3,33443.3,,,,,94
2023-03-06 13:51:00,33439.2,33440.2,33429.7,33430.7,33442.8,33443.8,33433.3,33434.3,,,,,420
2023-03-06 13:52:00,33430.2,33430.2,33419.2,33420.2,33433.8,33433.8,33422.8,33423.8,,,,,141
2023-03-06 13:53:00,33420.7,33429.2,33419.7,33428.2,33424.3,33432.8,33423.3,33431.8,,,,,131
2023-03-06 13:54:00,33427.7,33430.2,33425.7,33428.2,33431.3,33433.8,33429.3,33431.8,,,,,56
2023-03-06 13:55:00,33427.7,33427.7,33423.7,33424.2,33431.3,33431.3,33427.3,33427.8,,,,,44
2023-03-06 13:56:00,33423.7,33424.2,33417.2,33419.2,33427.3,33427.8,33420.8,33422.8,,,,,81
2023-03-06 13:57:00,33418.7,33421.7,33416.7,33421.2,33422.3,33425.3,33420.3,33424.8,,,,,32
2023-03-06 13:58:00,33420.7,33420.7,33415.2,33417.7,33424.3,33424.3,33418.8,33421.3,,,,,105
2023-03-06 13:59:00,33418.2,33419.7,33415.2,33417.7,33421.8,33423.3,33418.8,33421.3,,,,,62
2023-03-06 14:00:00,33418.7,33423.7,33411.7,33421.2,33422.3,33427.3,33415.3,33424.8,,,,,101
2023-03-06 14:01:00,33421.7,33422.2,33411.2,33412.2,33425.3,33425.8,33414.8,33415.8,,,,,73
2023-03-06 14:02:00,33412.7,33416.2,33411.2,33414.7,33416.3,33419.8,33414.8,33418.3,,,,,46
2023-03-06 14:03:00,33414.2,33414.2,33402.7,33406.2,33417.8,33417.8,33406.3,33409.8,,,,,133
2023-03-06 14:04:00,33406.7,33409.2,33396.7,33405.7,33410.3,33412.8,33400.3,33409.3,,,,,689
2023-03-06 14:05:00,33406.2,33410.2,33402.7,33408.2,33409.8,33413.8,33406.3,33411.8,,,,,154
2023-03-06 14:06:00,33410.2,33410.2,33402.7,33407.7,33413.8,33413.8,33406.3,33411.3,,,,,63
2023-03-06 14:07:00,33408.2,33409.2,33398.7,33404.2,33411.8,33412.8,33402.3,33407.8,,,,,131
2023-03-06 14:08:00,33404.7,33415.2,33404.7,33412.2,33408.3,33418.8,33408.3,33415.8,,,,,112
2023-03-06 14:09:00,33411.7,33414.2,33409.2,33412.2,33415.3,33417.8,33412.8,33415.8,,,,,47
2023-03-06 14:10:00,33412.7,33413.2,33401.2,33405.7,33416.3,33416.8,33404.8,33409.3,,,,,77
2023-03-06 14:11:00,33405.2,33405.2,33398.2,33404.7,33408.8,33408.8,33401.8,33408.3,,,,,108
2023-03-06 14:12:00,33404.2,33406.2,33401.2,33406.2,33407.8,33409.8,33404.8,33409.8,,,,,42
2023-03-06 14:13:00,33405.2,33406.2,33399.7,33403.2,33408.8,33409.8,33403.3,33406.8,,,,,44
2023-03-06 14:14:00,33402.7,33404.7,33397.7,33399.2,33406.3,33408.3,33401.3,33402.8,,,,,23
2023-03-06 14:15:00,33399.7,33407.7,33397.2,33407.7,33403.3,33411.3,33400.8,33411.3,,,,,71
2023-03-06 14:16:00,33408.7,33409.2,33401.2,33403.2,33412.3,33412.8,33404.8,33406.8,,,,,73
2023-03-06 14:17:00,33402.7,33402.7,33394.7,33396.2,33406.3,33406.3,33398.3,33399.8,,,,,80
2023-03-06 14:18:00,33395.7,33401.2,33395.7,33399.7,33399.3,33404.8,33399.3,33403.3,,,,,58
2023-03-06 14:19:00,33399.2,33403.7,33399.2,33403.2,33402.8,33407.3,33402.8,33406.8,,,,,45
2023-03-06 14:20:00,33402.2,33403.2,33398.7,33403.2,33405.8,33406.8,33402.3,33406.8,,,,,28
2023-03-06 14:21:00,33403.7,33407.2,33402.2,33403.7,33407.3,33410.8,33405.8,33407.3,,,,,39
2023-03-06 14:22:00,33404.2,33409.7,33403.7,33408.2,33407.8,33413.3,33407.3,33411.8,,,,,66
2023-03-06 14:23:00,33407.7,33414.7,33407.7,33414.7,33411.3,33418.3,33411.3,33418.3,,,,,45
2023-03-06 14:24:00,33415.2,33424.7,33415.2,33423.2,33418.8,33428.3,33418.8,33426.8,,,,,125
2023-03-06 14:25:00,33420.2,33420.7,33407.7,33415.2,33423.8,33424.3,33411.3,33418.8,,,,,99
2023-03-06 14:26:00,33413.2,33425.7,33412.7,33423.2,33416.8,33429.3,33416.3,33426.8,,,,,123
2023-03-06 14:27:00,33422.7,33423.7,33415.2,33415.2,33426.3,33427.3,33418.8,33418.8,,,,,87
2023-03-06 14:28:00,33415.7,33417.7,33405.7,33405.7,33419.3,33421.3,33409.3,33409.3,,,,,82
2023-03-06 14:29:00,33406.2,33431.2,33401.7,33420.7,33409.8,33434.8,33405.3,33424.3,,,,,522
2023-03-06 14:30:00,33420.2,33439.8,33392.3,33406.3,33423.8,33442.2,33394.7,33408.7,,,,,1779
2023-03-06 14:31:00,33405.8,33409.8,33385.3,33398.3,33408.2,33412.2,33387.7,33400.7,,,,,854
2023-03-06 14:32:00,33398.8,33439.8,33392.8,33429.3,33401.2,33442.2,33395.2,33431.7,,,,,739
2023-03-06 14:33:00,33429.8,33461.8,33428.8,33449.8,33432.2,33464.2,33431.2,33452.2,,,,,901
2023-03-06 14:34:00,33450.3,33473.8,33450.3,33458.3,33452.7,33476.2,33452.7,33460.7,,,,,902
2023-03-06 14:35:00,33458.8,33484.8,33448.3,33482.8,33461.2,33487.2,33450.7,33485.2,,,,,848
2023-03-06 14:36:00,33482.3,33485.3,33458.3,33458.3,33484.7,33487.7,33460.7,33460.7,,,,,807
2023-03-06 14:37:00,33458.8,33466.3,33447.8,33458.8,33461.2,33468.7,33450.2,33461.2,,,,,381
2023-03-06 14:38:00,33459.3,33471.8,33450.3,33461.8,33461.7,33474.2,33452.7,33464.2,,,,,518
2023-03-06 14:39:00,33462.3,33471.3,33457.3,33468.3,33464.7,33473.7,33459.7,33470.7,,,,,380
2023-03-06 14:40:00,33468.8,33481.8,33454.3,33457.3,33471.2,33484.2,33456.7,33459.7,,,,,535
2023-03-06 14:41:00,33458.3,33458.8,33435.8,33457.8,33460.7,33461.2,33438.2,33460.2,,,,,663
2023-03-06 14:42:00,33459.3,33470.8,33450.3,33460.3,33461.7,33473.2,33452.7,33462.7,,,,,540
2023-03-06 14:43:00,33460.8,33461.3,33443.8,33450.3,33463.2,33463.7,33446.2,33452.7,,,,,398
2023-03-06 14:44:00,33449.8,33457.3,33441.3,33452.8,33452.2,33459.7,33443.7,33455.2,,,,,426
2023-03-06 14:45:00,33452.3,33463.8,33449.3,33451.3,33454.7,33466.2,33451.7,33453.7,,,,,446
2023-03-06 14:46:00,33450.8,33450.8,33426.8,33437.8,33453.2,33453.2,33429.2,33440.2,,,,,716
2023-03-06 14:47:00,33438.3,33446.3,33428.8,33442.8,33440.7,33448.7,33431.2,33445.2,,,,,332
2023-03-06 14:48:00,33443.3,33456.3,33441.3,33446.8,33445.7,33458.7,33443.7,33449.2,,,,,408
2023-03-06 14:49:00,33447.3,33451.3,33440.3,33445.8,33449.7,33453.7,33442.7,33448.2,,,,,345
2023-03-06 14:50:00,33446.3,33459.3,33434.8,33446.8,33448.7,33461.7,33437.2,33449.2,,,,,553
2023-03-06 14:51:00,33447.3,33453.3,33442.3,33444.3,33449.7,33455.7,33444.7,33446.7,,,,,230
2023-03-06 14:52:00,33444.8,33453.3,33442.3,33450.3,33447.2,33455.7,33444.7,33452.7,,,,,276
2023-03-06 14:53:00,33450.8,33464.3,33450.3,33460.8,33453.2,33466.7,33452.7,33463.2,,,,,361
2023-03-06 14:54:00,33460.3,33460.8,33444.3,33446.3,33462.7,33463.2,33446.7,33448.7,,,,,321
2023-03-06 14:55:00,33447.8,33463.3,33447.3,33450.8,33450.2,33465.7,33449.7,33453.2,,,,,245
2023-03-06 14:56:00,33450.3,33450.3,33433.3,33441.3,33452.7,33452.7,33435.7,33443.7,,,,,277
2023-03-06 14:57:00,33439.3,33443.3,33420.3,33423.3,33441.7,33445.7,33422.7,33425.7,,,,,333
2023-03-06 14:58:00,33423.8,33441.3,33416.3,33439.8,33426.2,33443.7,33418.7,33442.2,,,,,292
2023-03-06 14:59:00,33440.3,33444.3,33436.8,33443.3,33442.7,33446.7,33439.2,33445.7,,,,,324
2023-03-06 15:00:00,33442.8,33446.3,33422.8,33422.8,33445.2,33448.7,33425.2,33425.2,,,,,472
2023-03-06 15:01:00,33423.8,33440.3,33414.3,33427.8,33426.2,33442.7,33416.7,33430.2,,,,,397
2023-03-06 15:02:00,33428.3,33443.3,33423.8,33443.3,33430.7,33445.7,33426.2,33445.7,,,,,263
2023-03-06 15:03:00,33442.3,33456.3,33442.3,33454.3,33444.7,33458.7,33444.7,33456.7,,,,,197
