DateTime,bid-open,bid-high,bid-low,bid-close,ask-open,ask-high,ask-low,ask-close,Volume
2023-01-05 12:00:00,33266.0,33308.0,33228.5,33231.0,33269.6,33311.6,33232.1,33234.6,2598
2023-01-05 13:00:00,33231.5,33264.0,33056.5,33085.0,33235.1,33267.6,33060.1,33088.6,10323
2023-01-05 14:00:00,33086.0,33096.6,32834.6,32907.6,33089.6,33099.0,32837.0,32910.0,28300
2023-01-05 15:00:00,32908.1,33053.6,32866.1,32881.9,32910.5,33056.0,32868.5,32884.3,31069
2023-01-05 16:00:00,32881.4,32934.9,32805.4,32846.4,32883.8,32937.3,32807.8,32848.8,15783
2023-01-05 17:00:00,32846.9,32948.9,32842.9,32886.8,32849.3,32951.3,32845.3,32889.2,10558
2023-01-05 18:00:00,32887.3,33036.8,32847.8,32977.3,32889.7,33039.2,32850.2,32979.7,18256
2023-01-05 19:00:00,32979.8,33083.8,32942.8,33027.3,32982.2,33086.2,32945.2,33029.7,12814
2023-01-05 20:00:00,33027.8,33028.3,32890.6,32924.1,33030.2,33030.7,32893.0,32926.5,19712
2023-01-05 21:00:00,32922.9,32954.9,32913.4,32943.2,32927.7,32959.7,32918.2,32953.0,2928
2023-01-05 22:00:00,32940.1,32954.2,32930.5,32950.6,32949.9,32964.0,32940.3,32960.4,0
2023-01-05 23:00:00,32940.4,32977.4,32930.9,32959.4,32945.2,32982.2,32935.7,32964.2,796
2023-01-06 00:00:00,32958.4,32994.4,32957.9,32991.9,32963.2,32999.2,32962.7,32996.7,913
2023-01-06 01:00:00,32992.4,33030.4,32985.4,33027.9,32997.2,33035.2,32990.2,33032.7,1013
2023-01-06 02:00:00,33028.4,33042.9,33025.4,33038.4,33033.2,33047.7,33030.2,33043.2,942
2023-01-06 03:00:00,33038.9,33068.4,33035.9,33049.4,33043.7,33073.2,33040.7,33054.2,968
2023-01-06 04:00:00,33049.9,33067.9,33038.9,33054.4,33054.7,33072.7,33043.7,33059.2,528
2023-01-06 05:00:00,33054.9,33055.4,33009.4,33019.4,33059.7,33060.2,33014.2,33024.2,927
2023-01-06 06:00:00,33020.4,33036.9,33011.4,33020.4,33025.2,33041.7,33016.2,33025.2,874
2023-01-06 07:00:00,33021.0,33051.5,32951.5,32952.0,33024.6,33055.1,32955.1,32955.6,1518
2023-01-06 08:00:00,32953.0,32986.0,32933.5,32978.5,32956.6,32989.6,32937.1,32982.1,2093
2023-01-06 09:00:00,32977.5,32980.5,32910.0,32946.5,32981.1,32984.1,32913.6,32950.1,2360
2023-01-06 10:00:00,32946.0,32973.5,32921.0,32943.5,32949.6,32977.1,32924.6,32947.1,1525
2023-01-06 11:00:00,32943.0,32997.0,32939.5,32967.0,32946.6,33000.6,32943.1,32970.6,1707
2023-01-06 12:00:00,32967.5,32986.0,32935.5,32939.5,32971.1,32989.6,32939.1,32943.1,2133
2023-01-06 13:00:00,32940.0,33311.0,32895.0,33292.5,32943.6,33314.6,32898.6,33296.1,27554
2023-01-06 14:00:00,33290.5,33358.6,32989.1,33085.6,33294.1,33361.0,32991.5,33088.0,47934
2023-01-06 15:00:00,33126.1,33469.0,33112.6,33446.5,33128.5,33471.4,33115.0,33448.9,48013
2023-01-06 16:00:00,33448.0,33567.5,33438.5,33535.5,33450.4,33569.9,33440.9,33537.9,26435
2023-01-06 17:00:00,33535.0,33552.5,33430.0,33457.0,33537.4,33554.9,33432.4,33459.4,12663
2023-01-06 18:00:00,33457.5,33537.5,33435.5,33518.0,33459.9,33539.9,33437.9,33520.4,10378
2023-01-06 19:00:00,33517.5,33672.5,33517.5,33660.5,33519.9,33674.9,33519.9,33662.9,16794
2023-01-06 20:00:00,33661.0,33721.0,33602.6,33620.6,33663.4,33723.4,33605.0,33623.0,23049
2023-01-06 21:00:00,33616.3,33629.6,33595.6,33605.2,33618.7,33634.4,33600.4,33615.0,3910
2023-01-08 23:00:00,33661.1,33675.6,33628.1,33662.1,33665.9,33680.4,33632.9,33666.9,1702
2023-01-09 00:00:00,33661.6,33694.6,33643.6,33690.1,33666.4,33699.4,33648.4,33694.9,1007
2023-01-09 01:00:00,33689.6,33698.1,33657.6,33660.6,33694.4,33702.9,33662.4,33665.4,987
2023-01-09 02:00:00,33661.1,33685.1,33654.1,33680.1,33665.9,33689.9,33658.9,33684.9,882
2023-01-09 03:00:00,33679.6,33682.1,33662.6,33669.1,33684.4,33686.9,33667.4,33673.9,507
2023-01-09 04:00:00,33669.6,33717.6,33668.1,33709.1,33674.4,33722.4,33672.9,33713.9,964
2023-01-09 05:00:00,33708.6,33712.1,33693.1,33698.1,33713.4,33716.9,33697.9,33702.9,744
2023-01-09 06:00:00,33697.6,33704.6,33680.6,33681.1,33702.4,33709.4,33685.4,33685.9,677
2023-01-09 07:00:00,33681.7,33684.2,33623.2,33631.2,33685.3,33687.8,33626.8,33634.8,1738
2023-01-09 08:00:00,33632.2,33650.7,33610.2,33636.7,33635.8,33654.3,33613.8,33640.3,2220
2023-01-09 09:00:00,33637.2,33712.2,33633.7,33690.7,33640.8,33715.8,33637.3,33694.3,2516
2023-01-09 10:00:00,33691.2,33733.2,33685.7,33722.7,33694.8,33736.8,33689.3,33726.3,2097
2023-01-09 11:00:00,33723.7,33732.7,33699.2,33703.7,33727.3,33736.3,33702.8,33707.3,1614
2023-01-09 12:00:00,33701.7,33749.2,33696.7,33719.7,33705.3,33752.8,33700.3,33723.3,2604
2023-01-09 13:00:00,33720.2,33761.2,33682.2,33714.7,33723.8,33764.8,33685.8,33718.3,4405
2023-01-09 14:00:00,33715.2,33794.8,33675.3,33757.3,33718.8,33797.2,33677.7,33759.7,22406
2023-01-09 15:00:00,33758.3,33891.8,33729.3,33853.3,33760.7,33894.2,33731.7,33855.7,21378
2023-01-09 16:00:00,33853.8,33936.2,33846.7,33898.2,33856.2,33938.6,33849.1,33900.6,14168
2023-01-09 17:00:00,33897.7,33897.7,33780.7,33809.2,33900.1,33900.1,33783.1,33811.6,11880
2023-01-09 18:00:00,33809.7,33818.2,33615.7,33660.2,33812.1,33820.6,33618.1,33662.6,16047
2023-01-09 19:00:00,33658.7,33707.7,33553.7,33563.7,33661.1,33710.1,33556.1,33566.1,17116
2023-01-09 20:00:00,33565.2,33580.7,33488.2,33521.8,33567.6,33583.1,33490.6,33524.2,22036
2023-01-09 21:00:00,33520.6,33528.6,33494.6,33512.3,33525.4,33533.4,33499.4,33522.1,3304
2023-01-09 22:00:00,33512.9,33527.5,33499.4,33517.7,33522.7,33537.3,33509.2,33527.5,0
2023-01-09 23:00:00,33527.6,33530.6,33484.6,33500.6,33532.4,33535.4,33489.4,33505.4,1211
2023-01-10 00:00:00,33501.1,33512.6,33447.6,33469.6,33505.9,33517.4,33452.4,33474.4,1726
2023-01-10 01:00:00,33469.1,33510.6,33464.6,33506.1,33473.9,33515.4,33469.4,33510.9,1033
2023-01-10 02:00:00,33506.6,33508.1,33404.6,33443.6,33511.4,33512.9,33409.4,33448.4,1790
2023-01-10 03:00:00,33444.1,33462.6,33412.6,33430.6,33448.9,33467.4,33417.4,33435.4,1140
2023-01-10 04:00:00,33430.1,33444.1,33430.1,33437.6,33434.9,33448.9,33434.9,33442.4,394
2023-01-10 05:00:00,33437.1,33475.6,33430.6,33470.6,33441.9,33480.4,33435.4,33475.4,876
2023-01-10 06:00:00,33471.1,33486.6,33445.6,33468.6,33475.9,33491.4,33450.4,33473.4,916
2023-01-10 07:00:00,33469.2,33483.7,33438.2,33460.7,33472.8,33487.3,33441.8,33464.3,1092
2023-01-10 08:00:00,33461.2,33506.2,33440.2,33455.7,33464.8,33509.8,33443.8,33459.3,2447
2023-01-10 09:00:00,33456.2,33466.2,33391.7,33460.2,33459.8,33469.8,33395.3,33463.8,3283
2023-01-10 10:00:00,33459.7,33474.2,33436.7,33440.2,33463.3,33477.8,33440.3,33443.8,1580
2023-01-10 11:00:00,33440.7,33446.2,33374.2,33395.2,33444.3,33449.8,33377.8,33398.8,2663
2023-01-10 12:00:00,33394.7,33401.2,33341.2,33378.2,33398.3,33404.8,33344.8,33381.8,3904
2023-01-10 13:00:00,33377.7,33411.2,33341.7,33409.2,33381.3,33414.8,33345.3,33412.8,4637
2023-01-10 14:00:00,33405.7,33606.3,33389.7,33554.3,33409.3,33608.7,33393.3,33556.7,27014
2023-01-10 15:00:00,33558.8,33663.3,33403.8,33572.8,33561.2,33665.7,33406.2,33575.2,25244
2023-01-10 16:00:00,33573.8,33598.3,33476.8,33538.8,33576.2,33600.7,33479.2,33541.2,12699
2023-01-10 17:00:00,33539.3,33596.8,33467.8,33554.8,33541.7,33599.2,33470.2,33557.2,11426
2023-01-10 18:00:00,33555.3,33621.8,33539.8,33615.3,33557.7,33624.2,33542.2,33617.7,9783
2023-01-10 19:00:00,33618.3,33660.3,33595.3,33607.3,33620.7,33662.7,33597.7,33609.7,8698
2023-01-10 20:00:00,33606.8,33727.3,33562.8,33712.8,33609.2,33729.7,33565.2,33715.2,14595
2023-01-10 21:00:00,33713.8,33723.1,33688.1,33700.8,33716.2,33727.9,33692.9,33710.6,3130
2023-01-10 22:00:00,33701.4,33710.8,33691.5,33704.9,33711.2,33720.6,33701.3,33714.7,0
2023-01-10 23:00:00,33704.5,33719.6,33685.1,33717.6,33714.3,33724.4,33689.9,33722.4,892
2023-01-11 00:00:00,33716.6,33748.1,33716.1,33744.6,33721.4,33752.9,33720.9,33749.4,1127
2023-01-11 01:00:00,33744.1,33745.6,33710.1,33730.6,33748.9,33750.4,33714.9,33735.4,776
2023-01-11 02:00:00,33731.1,33746.6,33717.6,33718.6,33735.9,33751.4,33722.4,33723.4,677
2023-01-11 03:00:00,33719.1,33735.6,33706.1,33732.6,33723.9,33740.4,33710.9,33737.4,629
2023-01-11 04:00:00,33733.1,33745.6,33725.6,33736.6,33737.9,33750.4,33730.4,33741.4,501
2023-01-11 05:00:00,33737.1,33760.1,33725.1,33737.6,33741.9,33764.9,33729.9,33742.4,940
2023-01-11 06:00:00,33738.1,33750.1,33716.6,33717.6,33742.9,33754.9,33721.4,33722.4,780
2023-01-11 07:00:00,33718.2,33718.2,33683.2,33692.2,33721.8,33721.8,33686.8,33695.8,1627
2023-01-11 08:00:00,33691.7,33731.2,33689.2,33715.7,33695.3,33734.8,33692.8,33719.3,1940
2023-01-11 09:00:00,33716.2,33780.2,33700.7,33763.2,33719.8,33783.8,33704.3,33766.8,2662
2023-01-11 10:00:00,33763.7,33807.2,33752.2,33765.7,33767.3,33810.8,33755.8,33769.3,2199
2023-01-11 11:00:00,33765.2,33784.2,33741.2,33765.2,33768.8,33787.8,33744.8,33768.8,2673
2023-01-11 12:00:00,33764.7,33769.2,33709.2,33763.2,33768.3,33772.8,33712.8,33766.8,2311
2023-01-11 13:00:00,33762.7,33819.7,33760.2,33814.7,33766.3,33823.3,33763.8,33818.3,3845
2023-01-11 14:00:00,33814.2,33866.3,33755.3,33776.8,33817.8,33868.7,33757.7,33779.2,17777
2023-01-11 15:00:00,33781.3,33821.8,33704.0,33717.5,33783.7,33824.2,33706.4,33719.9,17445
2023-01-11 16:00:00,33718.0,33820.0,33708.0,33791.0,33720.4,33822.4,33710.4,33793.4,11012
2023-01-11 17:00:00,33791.5,33849.0,33791.0,33821.5,33793.9,33851.4,33793.4,33823.9,9329
2023-01-11 18:00:00,33821.0,33910.6,33808.1,33857.1,33823.4,33913.0,33810.5,33859.5,12832
2023-01-11 19:00:00,33857.6,33924.6,33825.6,33908.6,33860.0,33927.0,33828.0,33911.0,7951
2023-01-11 20:00:00,33908.1,33972.8,33870.6,33964.8,33910.5,33975.2,33873.0,33967.2,16977
2023-01-11 21:00:00,33963.6,33983.2,33950.6,33976.3,33968.4,33993.0,33955.4,33986.1,3199
2023-01-11 22:00:00,33975.1,33992.1,33974.5,33986.0,33984.9,34001.9,33984.3,33995.8,0
2023-01-11 23:00:00,33983.6,33983.6,33942.6,33947.6,33988.4,33988.4,33947.4,33952.4,1113
2023-01-12 00:00:00,33948.1,33953.6,33929.6,33949.6,33952.9,33958.4,33934.4,33954.4,1023
2023-01-12 01:00:00,33950.1,33970.1,33949.1,33959.6,33954.9,33974.9,33953.9,33964.4,915
2023-01-12 02:00:00,33959.1,33965.6,33949.6,33956.6,33963.9,33970.4,33954.4,33961.4,563
2023-01-12 03:00:00,33956.1,33961.1,33946.6,33959.6,33960.9,33965.9,33951.4,33964.4,466
2023-01-12 04:00:00,33959.1,33986.1,33959.1,33981.6,33963.9,33990.9,33963.9,33986.4,711
2023-01-12 05:00:00,33982.1,33996.6,33974.1,33981.6,33986.9,34001.4,33978.9,33986.4,1001
2023-01-12 06:00:00,33982.1,33987.6,33941.1,33941.1,33986.9,33992.4,33945.9,33945.9,739
2023-01-12 07:00:00,33941.7,33953.2,33927.2,33942.2,33945.3,33956.8,33930.8,33945.8,1418
2023-01-12 08:00:00,33941.7,33956.7,33928.2,33947.2,33945.3,33960.3,33931.8,33950.8,1920
2023-01-12 09:00:00,33946.7,33975.2,33937.2,33964.7,33950.3,33978.8,33940.8,33968.3,1668
2023-01-12 10:00:00,33965.2,33975.2,33937.7,33968.7,33968.8,33978.8,33941.3,33972.3,1347
2023-01-12 11:00:00,33969.2,34000.2,33964.7,33986.2,33972.8,34003.8,33968.3,33989.8,1167
2023-01-12 12:00:00,33986.7,34049.7,33985.2,34043.2,33990.3,34053.3,33988.8,34046.8,3703
2023-01-12 13:00:00,34042.2,34169.2,33715.7,34142.7,34045.8,34172.8,33719.3,34146.3,27283
2023-01-12 14:00:00,34144.7,34179.2,33770.3,33892.3,34148.3,34182.8,33772.7,33894.7,42620
2023-01-12 15:00:00,33893.8,34151.8,33885.3,34071.3,33896.2,34154.2,33887.7,34073.7,34575
2023-01-12 16:00:00,34070.8,34160.5,33985.8,34145.5,34073.2,34162.9,33988.2,34147.9,19467
2023-01-12 17:00:00,34146.0,34297.5,34132.0,34258.5,34148.4,34299.9,34134.4,34260.9,15083
2023-01-12 18:00:00,34259.0,34287.5,34084.5,34273.0,34261.4,34289.9,34086.9,34275.4,16383
2023-01-12 19:00:00,34275.0,34291.5,34157.0,34209.0,34277.4,34293.9,34159.4,34211.4,12702
2023-01-12 20:00:00,34210.0,34229.0,34102.6,34187.1,34212.4,34231.4,34105.0,34189.5,16923
2023-01-12 21:00:00,34185.9,34196.9,34164.9,34175.0,34190.7,34201.7,34169.7,34184.8,2705
2023-01-12 22:00:00,34177.4,34186.9,34175.9,34180.8,34187.2,34196.7,34185.7,34190.6,0
2023-01-12 23:00:00,34177.0,34210.9,34164.4,34203.9,34186.8,34215.7,34169.2,34208.7,864
2023-01-13 00:00:00,34204.4,34230.4,34201.9,34204.9,34209.2,34235.2,34206.7,34209.7,794
2023-01-13 01:00:00,34205.4,34218.4,34153.4,34165.9,34210.2,34223.2,34158.2,34170.7,1358
2023-01-13 02:00:00,34165.4,34165.4,34117.9,34141.9,34170.2,34170.2,34122.7,34146.7,1220
2023-01-13 03:00:00,34142.4,34151.9,34119.4,34132.9,34147.2,34156.7,34124.2,34137.7,624
2023-01-13 04:00:00,34132.4,34139.4,34119.9,34125.9,34137.2,34144.2,34124.7,34130.7,719
2023-01-13 05:00:00,34125.4,34131.9,34110.4,34126.9,34130.2,34136.7,34115.2,34131.7,1120
2023-01-13 06:00:00,34127.4,34147.4,34120.4,34133.9,34132.2,34152.2,34125.2,34138.7,1023
2023-01-13 07:00:00,34134.5,34158.5,34126.5,34156.5,34138.1,34162.1,34130.1,34160.1,1546
2023-01-13 08:00:00,34157.0,34182.0,34108.0,34175.5,34160.6,34185.6,34111.6,34179.1,2325
2023-01-13 09:00:00,34176.0,34221.0,34164.0,34208.0,34179.6,34224.6,34167.6,34211.6,1925
2023-01-13 10:00:00,34208.5,34227.5,34181.5,34222.5,34212.1,34231.1,34185.1,34226.1,2376
2023-01-13 11:00:00,34222.0,34233.0,34080.5,34096.5,34225.6,34236.6,34084.1,34100.1,7518
2023-01-13 12:00:00,34095.5,34119.0,33924.0,33932.0,34099.1,34122.6,33927.6,33935.6,6527
2023-01-13 13:00:00,33934.5,33957.5,33895.0,33922.5,33938.1,33961.1,33898.6,33926.1,6227
2023-01-13 14:00:00,33923.5,34112.6,33879.5,34082.1,33927.1,34115.0,33883.1,34084.5,28684
2023-01-13 15:00:00,34079.6,34244.1,34052.1,34221.6,34082.0,34246.5,34054.5,34224.0,25393
2023-01-13 16:00:00,34221.1,34274.4,34186.4,34201.4,34223.5,34276.8,34188.8,34203.8,15828
2023-01-13 17:00:00,34201.9,34241.9,34190.4,34210.1,34204.3,34244.3,34192.8,34212.5,8595
2023-01-13 18:00:00,34213.1,34267.6,34147.6,34244.1,34215.5,34270.0,34150.0,34246.5,9797
2023-01-13 19:00:00,34243.6,34263.1,34198.1,34231.1,34246.0,34265.5,34200.5,34233.5,7627
2023-01-13 20:00:00,34232.6,34345.1,34227.1,34297.1,34235.0,34347.5,34229.5,34299.5,16065
2023-01-13 21:00:00,34295.9,34315.4,34271.9,34306.4,34300.7,34320.2,34276.7,34316.2,2961
2023-01-15 23:00:00,34311.9,34328.4,34268.9,34281.4,34316.7,34333.2,34273.7,34286.2,1347
2023-01-16 00:00:00,34281.9,34333.4,34273.9,34322.9,34286.7,34338.2,34278.7,34327.7,1084
2023-01-16 01:00:00,34322.4,34367.9,34308.9,34361.4,34327.2,34372.7,34313.7,34366.2,1148
2023-01-16 02:00:00,34361.9,34365.9,34349.4,34358.9,34366.7,34370.7,34354.2,34363.7,544
2023-01-16 03:00:00,34359.4,34362.4,34338.9,34348.4,34364.2,34367.2,34343.7,34353.2,417
2023-01-16 04:00:00,34348.9,34351.9,34332.9,34333.9,34353.7,34356.7,34337.7,34338.7,326
2023-01-16 05:00:00,34333.4,34337.4,34312.4,34317.9,34338.2,34342.2,34317.2,34322.7,534
2023-01-16 06:00:00,34318.9,34320.9,34280.9,34292.4,34323.7,34325.7,34285.7,34297.2,762
2023-01-16 07:00:00,34293.0,34293.0,34264.5,34285.5,34296.6,34296.6,34268.1,34289.1,1122
2023-01-16 08:00:00,34285.0,34292.0,34183.5,34209.5,34288.6,34295.6,34187.1,34213.1,2208
2023-01-16 09:00:00,34209.0,34231.5,34190.5,34191.5,34212.6,34235.1,34194.1,34195.1,1616
2023-01-16 10:00:00,34191.0,34251.5,34191.0,34248.0,34194.6,34255.1,34194.6,34251.6,1172
2023-01-16 11:00:00,34247.5,34268.0,34244.5,34256.0,34251.1,34271.6,34248.1,34259.6,836
2023-01-16 12:00:00,34254.5,34259.5,34221.5,34247.0,34258.1,34263.1,34225.1,34250.6,812
2023-01-16 13:00:00,34247.5,34301.5,34240.5,34294.5,34251.1,34305.1,34244.1,34298.1,1489
2023-01-16 14:00:00,34294.0,34322.1,34286.1,34301.1,34297.6,34324.5,34288.5,34303.5,2010
2023-01-16 15:00:00,34301.6,34325.6,34290.1,34314.6,34304.0,34328.0,34292.5,34317.0,1680
2023-01-16 16:00:00,34314.1,34323.6,34280.1,34281.1,34316.5,34326.0,34282.5,34283.5,1391
2023-01-16 17:00:00,34280.6,34314.7,34269.1,34282.2,34283.0,34317.1,34271.5,34284.6,1608
2023-01-16 18:00:00,34273.8,34299.8,34261.0,34263.4,34283.6,34309.6,34270.8,34273.2,0
2023-01-16 19:00:00,34263.6,34273.8,34263.6,34273.6,34273.4,34283.6,34273.4,34283.4,0
2023-01-16 20:00:00,34273.7,34277.7,34241.1,34249.3,34283.5,34287.5,34250.9,34259.1,0
2023-01-16 21:00:00,34248.7,34255.0,34246.6,34255.0,34258.5,34264.8,34256.4,34264.8,0
2023-01-16 22:00:00,34255.1,34260.2,34255.1,34259.9,34264.9,34270.0,34264.9,34269.7,0
2023-01-16 23:00:00,34269.4,34296.9,34267.4,34282.4,34274.2,34301.7,34272.2,34287.2,1050
2023-01-17 00:00:00,34281.4,34307.4,34255.9,34288.4,34286.2,34312.2,34260.7,34293.2,1085
2023-01-17 01:00:00,34287.9,34302.4,34258.9,34263.4,34292.7,34307.2,34263.7,34268.2,1156
2023-01-17 02:00:00,34262.9,34282.9,34230.9,34242.4,34267.7,34287.7,34235.7,34247.2,1403
2023-01-17 03:00:00,34241.9,34259.9,34229.4,34246.4,34246.7,34264.7,34234.2,34251.2,672
2023-01-17 04:00:00,34244.9,34257.4,34237.4,34243.9,34249.7,34262.2,34242.2,34248.7,334
2023-01-17 05:00:00,34243.4,34251.9,34222.9,34236.4,34248.2,34256.7,34227.7,34241.2,722
2023-01-17 06:00:00,34235.9,34247.9,34213.4,34216.4,34240.7,34252.7,34218.2,34221.2,872
2023-01-17 07:00:00,34217.0,34244.5,34206.0,34232.0,34220.6,34248.1,34209.6,34235.6,1062
2023-01-17 08:00:00,34232.5,34259.0,34216.0,34239.0,34236.1,34262.6,34219.6,34242.6,1987
2023-01-17 09:00:00,34239.5,34259.0,34196.0,34222.0,34243.1,34262.6,34199.6,34225.6,2485
2023-01-17 10:00:00,34221.5,34251.0,34199.0,34229.0,34225.1,34254.6,34202.6,34232.6,1673
2023-01-17 11:00:00,34229.5,34249.0,34218.5,34246.0,34233.1,34252.6,34222.1,34249.6,1509
2023-01-17 12:00:00,34246.5,34255.5,34167.5,34186.0,34250.1,34259.1,34171.1,34189.6,6359
2023-01-17 13:00:00,34186.5,34211.0,34151.0,34163.0,34190.1,34214.6,34154.6,34166.6,4500
2023-01-17 14:00:00,34163.5,34264.6,34094.1,34102.1,34167.1,34267.0,34096.5,34104.5,26748
2023-01-17 15:00:00,34105.1,34192.1,33955.6,33976.6,34107.5,34194.5,33958.0,33979.0,35281
2023-01-17 16:00:00,33974.6,33989.1,33880.1,33957.4,33977.0,33991.5,33882.5,33959.8,22062
2023-01-17 17:00:00,33958.9,33985.4,33896.9,33921.4,33961.3,33987.8,33899.3,33923.8,11001
2023-01-17 18:00:00,33920.9,33981.4,33901.4,33977.4,33923.3,33983.8,33903.8,33979.8,9359
2023-01-17 19:00:00,33977.9,34016.4,33919.4,33948.4,33980.3,34018.8,33921.8,33950.8,13719
2023-01-17 20:00:00,33948.9,33976.9,33856.4,33909.4,33951.3,33979.3,33858.8,33911.8,16138
2023-01-17 21:00:00,33908.2,33923.7,33880.2,33884.6,33913.0,33928.5,33885.0,33894.4,3707
2023-01-17 22:00:00,33882.7,33887.5,33865.4,33873.1,33892.5,33897.3,33875.2,33882.9,0
2023-01-17 23:00:00,33881.7,33881.7,33803.2,33826.7,33886.5,33886.5,33808.0,33831.5,1945
2023-01-18 00:00:00,33827.2,33835.7,33801.2,33816.7,33832.0,33840.5,33806.0,33821.5,1285
2023-01-18 01:00:00,33816.2,33843.2,33813.2,33829.7,33821.0,33848.0,33818.0,33834.5,933
2023-01-18 02:00:00,33829.2,34010.7,33813.7,33929.7,33834.0,34015.5,33818.5,33934.5,5813
2023-01-18 03:00:00,33930.2,33948.2,33866.7,33885.7,33935.0,33953.0,33871.5,33890.5,2245
2023-01-18 04:00:00,33886.2,33922.7,33876.7,33915.7,33891.0,33927.5,33881.5,33920.5,970
2023-01-18 05:00:00,33917.2,33919.2,33897.2,33913.7,33922.0,33924.0,33902.0,33918.5,585
2023-01-18 06:00:00,33912.7,33942.2,33908.7,33937.7,33917.5,33947.0,33913.5,33942.5,1185
2023-01-18 07:00:00,33938.3,33953.8,33907.3,33930.3,33941.9,33957.4,33910.9,33933.9,1946
2023-01-18 08:00:00,33930.8,33966.3,33887.3,33935.8,33934.4,33969.9,33890.9,33939.4,2672
2023-01-18 09:00:00,33935.3,33939.8,33869.8,33891.3,33938.9,33943.4,33873.4,33894.9,3034
2023-01-18 10:00:00,33891.8,33926.8,33882.8,33911.3,33895.4,33930.4,33886.4,33914.9,1651
2023-01-18 11:00:00,33911.8,33930.8,33900.3,33922.3,33915.4,33934.4,33903.9,33925.9,1332
2023-01-18 12:00:00,33919.3,33971.8,33918.3,33962.3,33922.9,33975.4,33921.9,33965.9,2119
2023-01-18 13:00:00,33962.8,34013.3,33881.3,33952.3,33966.4,34016.9,33884.9,33955.9,9851
2023-01-18 14:00:00,33951.8,34004.9,33892.4,33951.9,33955.4,34007.3,33894.8,33954.3,25665
2023-01-18 15:00:00,33951.4,33988.9,33678.4,33733.9,33953.8,33991.3,33680.8,33736.3,32849
2023-01-18 16:00:00,33734.9,33748.4,33533.1,33573.6,33737.3,33750.8,33535.5,33576.0,28559
2023-01-18 17:00:00,33572.6,33583.6,33458.1,33476.6,33575.0,33586.0,33460.5,33479.0,16930
2023-01-18 18:00:00,33475.6,33508.6,33417.1,33475.6,33478.0,33511.0,33419.5,33478.0,13949
2023-01-18 19:00:00,33476.1,33501.6,33438.1,33442.6,33478.5,33504.0,33440.5,33445.0,10111
2023-01-18 20:00:00,33441.6,33472.6,33265.0,33289.5,33444.0,33475.0,33267.4,33291.9,26907
2023-01-18 21:00:00,33275.6,33282.9,33253.2,33258.8,33278.0,33287.7,33258.7,33268.6,4574
2023-01-18 22:00:00,33258.5,33258.8,33247.6,33251.5,33268.3,33268.6,33257.4,33261.3,0
2023-01-18 23:00:00,33251.4,33275.4,33242.4,33264.4,33256.2,33280.2,33247.2,33269.2,1386
2023-01-19 00:00:00,33263.9,33267.4,33218.9,33221.9,33268.7,33272.2,33223.7,33226.7,1742
2023-01-19 01:00:00,33222.4,33242.4,33208.9,33213.4,33227.2,33247.2,33213.7,33218.2,1165
2023-01-19 02:00:00,33212.9,33243.9,33202.4,33240.4,33217.7,33248.7,33207.2,33245.2,1181
2023-01-19 03:00:00,33240.9,33257.9,33221.4,33221.4,33245.7,33262.7,33226.2,33226.2,1352
2023-01-19 04:00:00,33220.9,33245.9,33219.4,33226.4,33225.7,33250.7,33224.2,33231.2,649
2023-01-19 05:00:00,33228.4,33235.9,33196.9,33202.4,33233.2,33240.7,33201.7,33207.2,868
2023-01-19 06:00:00,33202.9,33221.9,33189.4,33190.4,33207.7,33226.7,33194.2,33195.2,1478
2023-01-19 07:00:00,33191.0,33212.5,33158.0,33199.0,33194.6,33216.1,33161.6,33202.6,3437
2023-01-19 08:00:00,33201.0,33241.5,33124.0,33126.0,33204.6,33245.1,33127.6,33129.6,4436
2023-01-19 09:00:00,33126.5,33156.5,33112.0,33123.0,33130.1,33160.1,33115.6,33126.6,2875
2023-01-19 10:00:00,33123.5,33154.5,33081.5,33103.0,33127.1,33158.1,33085.1,33106.6,3536
2023-01-19 11:00:00,33103.5,33104.5,33042.0,33057.5,33107.1,33108.1,33045.6,33061.1,4320
2023-01-19 12:00:00,33057.0,33066.0,32989.5,32999.0,33060.6,33069.6,32993.1,33002.6,4898
2023-01-19 13:00:00,32999.5,33046.0,32957.0,33033.0,33003.1,33049.6,32960.6,33036.6,8608
2023-01-19 14:00:00,33032.5,33169.1,33020.0,33099.0,33036.1,33171.5,33023.6,33101.4,28566
2023-01-19 15:00:00,33099.5,33168.5,33014.9,33047.4,33101.9,33170.9,33017.3,33049.8,23578
2023-01-19 16:00:00,33047.9,33116.4,32977.3,33022.3,33050.3,33118.8,32979.7,33024.7,16408
2023-01-19 17:00:00,33021.3,33102.8,33007.3,33066.3,33023.7,33105.2,33009.7,33068.7,10803
2023-01-19 18:00:00,33065.9,33211.9,33060.4,33143.9,33068.3,33214.3,33062.8,33146.3,16410
2023-01-19 19:00:00,33141.9,33228.3,33111.4,33180.3,33144.3,33230.7,33113.8,33182.7,11444
2023-01-19 20:00:00,33180.8,33205.8,33033.2,33049.2,33183.2,33208.2,33035.6,33051.6,17420
2023-01-19 21:00:00,33048.0,33103.5,33032.5,33054.9,33052.8,33108.3,33037.3,33064.7,8073
2023-01-19 22:00:00,33056.7,33086.1,33044.9,33083.4,33066.5,33095.9,33054.7,33093.2,0
2023-01-19 23:00:00,33079.5,33094.5,33043.5,33043.5,33084.3,33099.3,33048.3,33048.3,1485
2023-01-20 00:00:00,33044.0,33092.0,33041.5,33075.5,33048.8,33096.8,33046.3,33080.3,981
2023-01-20 01:00:00,33076.0,33095.0,33060.0,33086.0,33080.8,33099.8,33064.8,33090.8,1191
2023-01-20 02:00:00,33086.5,33086.5,33062.5,33063.0,33091.3,33091.3,33067.3,33067.8,575
2023-01-20 03:00:00,33063.5,33083.5,33063.0,33075.5,33068.3,33088.3,33067.8,33080.3,596
2023-01-20 04:00:00,33076.0,33086.0,33072.5,33080.5,33080.8,33090.8,33077.3,33085.3,695
2023-01-20 05:00:00,33080.0,33092.0,33074.5,33089.0,33084.8,33096.8,33079.3,33093.8,960
2023-01-20 06:00:00,33088.5,33096.0,33072.5,33081.5,33093.3,33100.8,33077.3,33086.3,933
2023-01-20 07:00:00,33082.1,33150.1,33074.1,33140.1,33085.7,33153.7,33077.7,33143.7,2178
2023-01-20 08:00:00,33139.1,33141.6,33057.6,33082.1,33142.7,33145.2,33061.2,33085.7,3726
2023-01-20 09:00:00,33082.6,33084.1,33017.6,33027.1,33086.2,33087.7,33021.2,33030.7,3149
2023-01-20 10:00:00,33027.6,33055.6,32989.1,33045.1,33031.2,33059.2,32992.7,33048.7,4661
2023-01-20 11:00:00,33045.6,33045.6,32988.6,32999.6,33049.2,33049.2,32992.2,33003.2,2227
2023-01-20 12:00:00,33000.1,33065.6,32982.1,33054.1,33003.7,33069.2,32985.7,33057.7,3340
2023-01-20 13:00:00,33053.1,33081.1,33002.6,33003.6,33056.7,33084.7,33006.2,33007.2,4111
2023-01-20 14:00:00,33003.1,33095.1,32933.7,32993.1,33006.7,33098.7,32936.1,32995.5,23406
2023-01-20 15:00:00,32992.6,33107.5,32974.6,33076.5,32995.0,33109.9,32977.0,33078.9,18300
2023-01-20 16:00:00,33078.5,33241.5,33071.0,33118.3,33080.9,33243.9,33073.4,33120.7,22716
2023-01-20 17:00:00,33118.8,33175.8,33111.8,33134.3,33121.2,33178.2,33114.2,33136.7,9084
2023-01-20 18:00:00,33132.9,33228.9,33063.4,33200.4,33135.3,33231.3,33065.8,33202.8,17033
2023-01-20 19:00:00,33200.9,33271.2,33183.9,33265.2,33203.3,33273.6,33186.3,33267.6,11746
2023-01-20 20:00:00,33264.2,33382.1,33264.2,33377.1,33266.6,33384.5,33266.6,33379.5,23785
2023-01-20 21:00:00,33375.1,33375.1,33345.4,33362.5,33377.5,33378.7,33350.2,33372.3,5308
2023-01-22 23:00:00,33371.9,33384.4,33327.4,33342.9,33376.7,33389.2,33332.2,33347.7,1375
2023-01-23 00:00:00,33342.4,33349.9,33317.4,33338.9,33347.2,33354.7,33322.2,33343.7,1283
2023-01-23 01:00:00,33338.4,33361.9,33335.9,33349.9,33343.2,33366.7,33340.7,33354.7,799
2023-01-23 02:00:00,33348.9,33362.4,33341.4,33348.9,33353.7,33367.2,33346.2,33353.7,684
2023-01-23 03:00:00,33349.4,33361.4,33347.9,33354.4,33354.2,33366.2,33352.7,33359.2,556
2023-01-23 04:00:00,33353.9,33362.9,33344.4,33362.9,33358.7,33367.7,33349.2,33367.7,721
2023-01-23 05:00:00,33362.4,33377.9,33352.9,33360.9,33367.2,33382.7,33357.7,33365.7,1115
2023-01-23 06:00:00,33360.4,33384.9,33348.9,33372.9,33365.2,33389.7,33353.7,33377.7,1110
2023-01-23 07:00:00,33373.5,33408.5,33349.5,33388.5,33377.1,33412.1,33353.1,33392.1,2548
2023-01-23 08:00:00,33388.0,33434.5,33358.5,33373.5,33391.6,33438.1,33362.1,33377.1,3608
2023-01-23 09:00:00,33377.0,33402.0,33362.5,33388.5,33380.6,33405.6,33366.1,33392.1,1649
2023-01-23 10:00:00,33389.0,33401.0,33352.0,33378.5,33392.6,33404.6,33355.6,33382.1,1829
2023-01-23 11:00:00,33378.0,33383.5,33340.0,33356.0,33381.6,33387.1,33343.6,33359.6,1692
2023-01-23 12:00:00,33357.5,33415.0,33357.5,33381.5,33361.1,33418.6,33361.1,33385.1,2833
2023-01-23 13:00:00,33382.0,33475.5,33382.0,33461.5,33385.6,33479.1,33385.6,33465.1,5804
2023-01-23 14:00:00,33462.0,33486.0,33304.6,33432.1,33465.6,33489.6,33307.0,33434.5,27180
2023-01-23 15:00:00,33433.1,33656.8,33397.6,33619.3,33435.5,33659.2,33400.0,33621.7,25347
2023-01-23 16:00:00,33619.8,33778.8,33615.3,33702.3,33622.2,33781.2,33617.7,33704.7,23268
2023-01-23 17:00:00,33703.3,33703.3,33592.8,33673.8,33705.7,33705.7,33595.2,33676.2,12588
2023-01-23 18:00:00,33671.3,33787.8,33666.8,33744.3,33673.7,33790.2,33669.2,33746.7,11734
2023-01-23 19:00:00,33745.8,33745.8,33476.8,33531.8,33748.2,33748.2,33479.2,33534.2,20922
2023-01-23 20:00:00,33531.3,33654.2,33510.8,33622.2,33533.7,33656.6,33513.2,33624.6,22847
2023-01-23 21:00:00,33622.7,33637.5,33596.5,33636.8,33625.1,33646.6,33601.3,33646.6,4034
2023-01-23 22:00:00,33637.7,33637.7,33627.6,33630.6,33647.5,33647.5,33637.4,33640.4,1
2023-01-23 23:00:00,33634.0,33640.0,33600.0,33609.0,33638.8,33644.8,33604.8,33613.8,846
2023-01-24 00:00:00,33609.5,33627.5,33604.0,33617.0,33614.3,33632.3,33608.8,33621.8,937
2023-01-24 01:00:00,33617.5,33643.0,33606.5,33634.0,33622.3,33647.8,33611.3,33638.8,864
2023-01-24 02:00:00,33634.5,33648.5,33626.0,33632.0,33639.3,33653.3,33630.8,33636.8,527
2023-01-24 03:00:00,33631.5,33634.5,33622.0,33624.0,33636.3,33639.3,33626.8,33628.8,405
2023-01-24 04:00:00,33623.5,33637.5,33621.5,33637.0,33628.3,33642.3,33626.3,33641.8,509
2023-01-24 05:00:00,33637.5,33660.0,33632.5,33638.0,33642.3,33664.8,33637.3,33642.8,1051
2023-01-24 06:00:00,33637.0,33642.5,33618.5,33633.5,33641.8,33647.3,33623.3,33638.3,879
2023-01-24 07:00:00,33634.1,33635.1,33594.1,33610.6,33637.7,33638.7,33597.7,33614.2,1313
2023-01-24 08:00:00,33610.1,33638.1,33581.1,33591.6,33613.7,33641.7,33584.7,33595.2,2555
2023-01-24 09:00:00,33591.1,33607.6,33566.1,33579.6,33594.7,33611.2,33569.7,33583.2,4000
2023-01-24 10:00:00,33579.1,33588.6,33545.1,33575.1,33582.7,33592.2,33548.7,33578.7,2480
2023-01-24 11:00:00,33574.1,33574.1,33529.1,33557.1,33577.7,33577.7,33532.7,33560.7,4283
2023-01-24 12:00:00,33557.6,33560.6,33509.6,33532.6,33561.2,33564.2,33513.2,33536.2,2837
2023-01-24 13:00:00,33533.1,33547.6,33451.1,33473.6,33536.7,33551.2,33454.7,33477.2,4591
2023-01-24 14:00:00,33474.1,33548.2,33376.2,33430.7,33477.7,33550.6,33378.6,33433.1,30138
2023-01-24 15:00:00,33430.2,33690.2,33416.4,33663.7,33432.6,33692.6,33418.8,33666.1,27336
2023-01-24 16:00:00,33664.2,33680.2,33599.7,33615.9,33666.6,33682.6,33602.1,33618.3,14876
2023-01-24 17:00:00,33616.4,33653.9,33562.9,33647.9,33618.8,33656.3,33565.3,33650.3,10233
2023-01-24 18:00:00,33648.9,33759.9,33610.9,33742.4,33651.3,33762.3,33613.3,33744.8,11488
2023-01-24 19:00:00,33742.9,33785.9,33673.9,33771.9,33745.3,33788.3,33676.3,33774.3,9969
2023-01-24 20:00:00,33773.4,33785.9,33660.4,33722.4,33775.8,33788.3,33662.8,33724.8,15425
2023-01-24 21:00:00,33721.2,33810.7,33701.2,33749.5,33726.0,33815.5,33706.0,33759.3,12031
2023-01-24 22:00:00,33749.3,33754.1,33726.7,33741.7,33759.1,33763.9,33736.5,33751.5,0
2023-01-24 23:00:00,33751.8,33758.2,33632.2,33656.2,33761.6,33763.0,33637.0,33661.0,4602
2023-01-25 00:00:00,33656.7,33671.7,33616.7,33646.2,33661.5,33676.5,33621.5,33651.0,1777
2023-01-25 01:00:00,33645.7,33655.2,33620.7,33634.2,33650.5,33660.0,33625.5,33639.0,904
2023-01-25 02:00:00,33633.2,33668.2,33631.2,33651.2,33638.0,33673.0,33636.0,33656.0,975
2023-01-25 03:00:00,33651.7,33679.2,33640.7,33667.2,33656.5,33684.0,33645.5,33672.0,857
2023-01-25 04:00:00,33666.2,33673.2,33643.7,33647.7,33671.0,33678.0,33648.5,33652.5,558
2023-01-25 05:00:00,33647.2,33654.2,33636.2,33644.7,33652.0,33659.0,33641.0,33649.5,548
2023-01-25 06:00:00,33645.2,33670.7,33639.7,33660.2,33650.0,33675.5,33644.5,33665.0,859
2023-01-25 07:00:00,33660.8,33692.3,33653.8,33681.8,33664.4,33695.9,33657.4,33685.4,1556
2023-01-25 08:00:00,33681.3,33696.3,33643.8,33647.8,33684.9,33699.9,33647.4,33651.4,2713
2023-01-25 09:00:00,33646.8,33646.8,33551.3,33551.8,33650.4,33650.4,33554.9,33555.4,3160
2023-01-25 10:00:00,33551.3,33569.3,33491.8,33556.8,33554.9,33572.9,33495.4,33560.4,4136
2023-01-25 11:00:00,33556.3,33581.8,33527.8,33548.3,33559.9,33585.4,33531.4,33551.9,2899
2023-01-25 12:00:00,33548.8,33576.8,33482.8,33535.8,33552.4,33580.4,33486.4,33539.4,6151
2023-01-25 13:00:00,33535.3,33541.8,33437.8,33452.8,33538.9,33545.4,33441.4,33456.4,4765
2023-01-25 14:00:00,33451.8,33532.2,33402.7,33426.5,33455.4,33534.6,33405.1,33428.9,23419
2023-01-25 15:00:00,33427.0,33517.5,33264.6,33362.1,33429.4,33519.9,33267.0,33364.5,35974
2023-01-25 16:00:00,33362.6,33570.9,33345.1,33528.4,33365.0,33573.3,33347.5,33530.8,23304
2023-01-25 17:00:00,33530.9,33570.4,33491.4,33541.9,33533.3,33572.8,33493.8,33544.3,10306
2023-01-25 18:00:00,33540.2,33702.2,33531.2,33662.2,33542.6,33704.6,33533.6,33664.6,12699
2023-01-25 19:00:00,33662.7,33738.2,33632.2,33709.3,33665.1,33740.6,33634.6,33711.7,14644
2023-01-25 20:00:00,33710.3,33772.3,33664.8,33741.8,33712.7,33774.7,33667.2,33744.2,17478
2023-01-25 21:00:00,33741.3,33774.6,33698.1,33703.9,33743.7,33779.4,33702.9,33713.7,7250
2023-01-25 22:00:00,33701.7,33714.6,33691.0,33714.6,33711.5,33724.4,33700.8,33724.4,0
2023-01-25 23:00:00,33724.1,33766.6,33703.6,33762.1,33728.9,33771.4,33708.4,33766.9,1460
2023-01-26 00:00:00,33762.6,33775.6,33740.6,33744.6,33767.4,33780.4,33745.4,33749.4,1064
2023-01-26 01:00:00,33745.1,33747.6,33717.6,33739.1,33749.9,33752.4,33722.4,33743.9,1203
2023-01-26 02:00:00,33739.6,33751.6,33733.1,33744.6,33744.4,33756.4,33737.9,33749.4,515
2023-01-26 03:00:00,33745.1,33749.6,33733.6,33740.1,33749.9,33754.4,33738.4,33744.9,427
2023-01-26 04:00:00,33739.6,33754.6,33729.6,33738.6,33744.4,33759.4,33734.4,33743.4,496
2023-01-26 05:00:00,33738.1,33774.6,33734.1,33769.1,33742.9,33779.4,33738.9,33773.9,1011
2023-01-26 06:00:00,33768.6,33811.1,33762.6,33792.1,33773.4,33815.9,33767.4,33796.9,1927
2023-01-26 07:00:00,33792.7,33792.7,33758.2,33762.7,33796.3,33796.3,33761.8,33766.3,1756
2023-01-26 08:00:00,33764.7,33825.2,33755.2,33758.7,33768.3,33828.8,33758.8,33762.3,2560
2023-01-26 09:00:00,33758.2,33780.2,33703.2,33707.2,33761.8,33783.8,33706.8,33710.8,2907
2023-01-26 10:00:00,33706.7,33764.7,33705.2,33746.7,33710.3,33768.3,33708.8,33750.3,1512
2023-01-26 11:00:00,33747.2,33758.2,33706.7,33723.7,33750.8,33761.8,33710.3,33727.3,2009
2023-01-26 12:00:00,33724.2,33840.7,33711.2,33802.2,33727.8,33844.3,33714.8,33805.8,5249
2023-01-26 13:00:00,33801.7,33836.2,33731.2,33821.2,33805.3,33839.8,33734.8,33824.8,7957
2023-01-26 14:00:00,33820.7,33910.8,33657.7,33715.7,33824.3,33913.2,33660.1,33718.1,26273
2023-01-26 15:00:00,33718.7,33846.4,33629.4,33653.9,33721.1,33848.8,33631.8,33656.3,30778
2023-01-26 16:00:00,33656.9,33758.4,33628.9,33748.4,33659.3,33760.8,33631.3,33750.8,17229
2023-01-26 17:00:00,33749.4,33846.4,33748.4,33789.5,33751.8,33848.8,33750.8,33791.9,13034
2023-01-26 18:00:00,33789.2,33909.2,33752.2,33855.7,33791.6,33911.6,33754.6,33858.1,12179
2023-01-26 19:00:00,33855.2,33890.3,33805.8,33870.8,33857.6,33892.7,33808.2,33873.2,9544
2023-01-26 20:00:00,33871.3,33958.8,33848.8,33945.3,33873.7,33961.2,33851.2,33947.7,16199
2023-01-26 21:00:00,33944.1,33968.1,33918.6,33926.9,33948.9,33972.9,33923.4,33936.7,4899
2023-01-26 22:00:00,33930.4,33931.6,33904.2,33910.8,33940.2,33941.4,33914.0,33920.6,0
2023-01-26 23:00:00,33923.1,33923.1,33893.6,33898.6,33927.9,33927.9,33898.4,33903.4,1275
2023-01-27 00:00:00,33898.1,33924.1,33888.6,33912.1,33902.9,33928.9,33893.4,33916.9,703
2023-01-27 01:00:00,33912.6,33930.6,33904.1,33908.6,33917.4,33935.4,33908.9,33913.4,788
2023-01-27 02:00:00,33910.1,33928.1,33909.1,33922.1,33914.9,33932.9,33913.9,33926.9,540
2023-01-27 03:00:00,33922.6,33929.6,33905.6,33911.6,33927.4,33934.4,33910.4,33916.4,387
2023-01-27 04:00:00,33911.1,33936.1,33908.1,33929.1,33915.9,33940.9,33912.9,33933.9,716
2023-01-27 05:00:00,33929.6,33944.1,33928.1,33934.1,33934.4,33948.9,33932.9,33938.9,491
2023-01-27 06:00:00,33933.6,33941.6,33893.6,33920.6,33938.4,33946.4,33898.4,33925.4,1111
2023-01-27 07:00:00,33921.2,33925.2,33895.7,33906.2,33924.8,33928.8,33899.3,33909.8,1974
2023-01-27 08:00:00,33905.7,33916.2,33870.7,33898.7,33909.3,33919.8,33874.3,33902.3,3439
2023-01-27 09:00:00,33899.2,33922.2,33891.7,33916.2,33902.8,33925.8,33895.3,33919.8,1558
2023-01-27 10:00:00,33916.7,33936.2,33906.2,33935.2,33920.3,33939.8,33909.8,33938.8,951
2023-01-27 11:00:00,33934.7,33961.7,33914.7,33924.7,33938.3,33965.3,33918.3,33928.3,1674
2023-01-27 12:00:00,33922.7,33979.7,33917.2,33921.2,33926.3,33983.3,33920.8,33924.8,4095
2023-01-27 13:00:00,33920.7,33971.2,33909.7,33925.7,33924.3,33974.8,33913.3,33929.3,4363
2023-01-27 14:00:00,33926.7,34052.3,33899.3,34021.3,33930.3,34054.7,33901.7,34023.7,17196
2023-01-27 15:00:00,34023.8,34123.8,33826.2,33873.2,34026.2,34126.2,33828.6,33875.6,27925
2023-01-27 16:00:00,33872.7,34023.3,33851.7,34000.3,33875.1,34025.7,33854.1,34002.7,16212
2023-01-27 17:00:00,34001.3,34082.3,33975.3,34064.3,34003.7,34084.7,33977.7,34066.7,12056
2023-01-27 18:00:00,34063.2,34075.2,33995.7,34024.2,34065.6,34077.6,33998.1,34026.6,9016
2023-01-27 19:00:00,34023.2,34127.5,34003.2,34114.5,34025.6,34129.9,34005.6,34116.9,10236
2023-01-27 20:00:00,34114.0,34167.0,33953.2,33971.2,34116.4,34169.4,33955.6,33973.6,19900
2023-01-27 21:00:00,33970.0,33979.5,33936.0,33969.8,33974.8,33984.3,33940.8,33979.6,3544
2023-01-29 23:00:00,33916.0,33958.5,33905.0,33917.5,33920.8,33963.3,33909.8,33922.3,1641
2023-01-30 00:00:00,33918.0,33948.0,33909.0,33929.0,33922.8,33952.8,33913.8,33933.8,874
2023-01-30 01:00:00,33930.0,33933.0,33910.0,33912.0,33934.8,33937.8,33914.8,33916.8,1123
2023-01-30 02:00:00,33913.0,33930.0,33892.5,33909.0,33917.8,33934.8,33897.3,33913.8,847
2023-01-30 03:00:00,33908.5,33910.5,33884.5,33903.5,33913.3,33915.3,33889.3,33908.3,901
2023-01-30 04:00:00,33903.0,33910.0,33879.5,33886.0,33907.8,33914.8,33884.3,33890.8,598
2023-01-30 05:00:00,33885.5,33885.5,33858.0,33867.0,33890.3,33890.3,33862.8,33871.8,1011
2023-01-30 06:00:00,33867.5,33880.0,33849.5,33860.5,33872.3,33884.8,33854.3,33865.3,659
2023-01-30 07:00:00,33861.1,33865.1,33815.6,33833.6,33864.7,33868.7,33819.2,33837.2,1448
2023-01-30 08:00:00,33829.1,33832.1,33731.6,33785.1,33832.7,33835.7,33735.2,33788.7,4079
2023-01-30 09:00:00,33786.1,33806.6,33732.6,33770.6,33789.7,33810.2,33736.2,33774.2,4459
2023-01-30 10:00:00,33770.1,33788.6,33750.1,33781.6,33773.7,33792.2,33753.7,33785.2,2137
2023-01-30 11:00:00,33781.1,33786.1,33701.1,33732.1,33784.7,33789.7,33704.7,33735.7,3074
2023-01-30 12:00:00,33736.1,33783.1,33733.1,33765.1,33739.7,33786.7,33736.7,33768.7,2911
2023-01-30 13:00:00,33765.6,33827.6,33750.6,33817.1,33769.2,33831.2,33754.2,33820.7,4021
2023-01-30 14:00:00,33816.6,33990.4,33803.6,33978.9,33820.2,33992.8,33807.2,33981.3,21385
2023-01-30 15:00:00,33979.4,34057.9,33857.4,33941.9,33981.8,34060.3,33859.8,33944.3,22707
2023-01-30 16:00:00,33940.4,34003.4,33822.9,33917.9,33942.8,34005.8,33825.3,33920.3,17869
2023-01-30 17:00:00,33918.4,33939.4,33849.9,33858.4,33920.8,33941.8,33852.3,33860.8,8417
2023-01-30 18:00:00,33859.0,33934.0,33832.0,33868.0,33861.4,33936.4,33834.4,33870.4,12195
2023-01-30 19:00:00,33867.5,33876.5,33736.9,33765.9,33869.9,33878.9,33739.3,33768.3,11980
2023-01-30 20:00:00,33766.4,33796.9,33692.8,33719.3,33768.8,33799.3,33695.2,33721.7,20272
2023-01-30 21:00:00,33718.1,33773.6,33712.6,33732.8,33722.9,33778.4,33717.4,33742.6,4778
2023-01-30 22:00:00,33731.3,33736.2,33720.8,33732.1,33741.1,33746.0,33730.6,33741.9,0
2023-01-30 23:00:00,33740.1,33767.6,33724.6,33766.6,33744.9,33772.4,33729.4,33771.4,923
2023-01-31 00:00:00,33767.1,33770.1,33736.1,33750.1,33771.9,33774.9,33740.9,33754.9,854
2023-01-31 01:00:00,33750.6,33760.1,33712.6,33742.1,33755.4,33764.9,33717.4,33746.9,836
2023-01-31 02:00:00,33741.6,33757.6,33725.6,33731.6,33746.4,33762.4,33730.4,33736.4,518
2023-01-31 03:00:00,33731.1,33738.1,33675.1,33681.1,33735.9,33742.9,33679.9,33685.9,1695
2023-01-31 04:00:00,33681.6,33698.1,33678.1,33697.6,33686.4,33702.9,33682.9,33702.4,650
2023-01-31 05:00:00,33698.1,33715.1,33673.6,33676.1,33702.9,33719.9,33678.4,33680.9,730
2023-01-31 06:00:00,33677.6,33709.1,33677.1,33704.1,33682.4,33713.9,33681.9,33708.9,669
2023-01-31 07:00:00,33704.7,33776.7,33695.7,33765.2,33708.3,33780.3,33699.3,33768.8,2075
2023-01-31 08:00:00,33765.7,33772.7,33613.7,33628.7,33769.3,33776.3,33617.3,33632.3,3544
2023-01-31 09:00:00,33632.2,33644.2,33598.2,33617.7,33635.8,33647.8,33601.8,33621.3,3054
2023-01-31 10:00:00,33617.2,33623.7,33574.7,33576.7,33620.8,33627.3,33578.3,33580.3,2451
2023-01-31 11:00:00,33576.2,33597.2,33510.2,33576.2,33579.8,33600.8,33513.8,33579.8,6740
2023-01-31 12:00:00,33578.7,33633.2,33578.7,33613.7,33582.3,33636.8,33582.3,33617.3,6636
2023-01-31 13:00:00,33616.2,33817.7,33610.2,33787.2,33619.8,33821.3,33613.8,33790.8,10733
2023-01-31 14:00:00,33787.7,33807.7,33664.3,33714.2,33791.3,33811.3,33666.7,33716.6,24232
2023-01-31 15:00:00,33714.7,33832.4,33662.7,33783.9,33717.1,33834.8,33665.1,33786.3,20732
2023-01-31 16:00:00,33784.9,33836.9,33761.7,33789.2,33787.3,33839.3,33764.1,33791.6,9168
2023-01-31 17:00:00,33790.2,33895.7,33758.7,33867.2,33792.6,33898.1,33761.1,33869.6,9718
2023-01-31 18:00:00,33868.7,33939.2,33856.2,33935.2,33871.1,33941.6,33858.6,33937.6,7434
2023-01-31 19:00:00,33936.2,33960.4,33911.4,33926.4,33938.6,33962.8,33913.8,33928.8,8682
2023-01-31 20:00:00,33927.9,34092.4,33882.4,34092.4,33930.3,34094.8,33884.8,34094.8,19133
2023-01-31 21:00:00,34091.2,34091.2,34027.7,34052.4,34096.0,34096.0,34032.5,34062.2,6077
2023-01-31 22:00:00,34052.1,34059.9,34048.1,34056.7,34061.9,34069.7,34057.9,34066.5,0
2023-01-31 23:00:00,34060.2,34066.2,34015.7,34031.2,34065.0,34071.0,34020.5,34036.0,955
2023-02-01 00:00:00,34031.7,34061.2,33996.2,33999.2,34036.5,34066.0,34001.0,34004.0,1078
2023-02-01 01:00:00,33999.7,34017.7,33991.7,34004.2,34004.5,34022.5,33996.5,34009.0,1268
2023-02-01 02:00:00,34003.7,34009.7,33993.2,33999.2,34008.5,34014.5,33998.0,34004.0,540
2023-02-01 03:00:00,33998.7,34031.2,33998.7,34018.2,34003.5,34036.0,34003.5,34023.0,563
2023-02-01 04:00:00,34016.7,34028.7,34012.2,34013.7,34021.5,34033.5,34017.0,34018.5,494
2023-02-01 05:00:00,34013.2,34019.2,34003.7,34012.7,34018.0,34024.0,34008.5,34017.5,518
2023-02-01 06:00:00,34012.2,34017.2,33997.2,34005.2,34017.0,34022.0,34002.0,34010.0,631
2023-02-01 07:00:00,34005.8,34019.8,33995.8,34012.8,34009.4,34023.4,33999.4,34016.4,1141
2023-02-01 08:00:00,34013.8,34026.8,33953.3,33970.3,34017.4,34030.4,33956.9,33973.9,2317
2023-02-01 09:00:00,33969.8,33972.8,33935.3,33946.8,33973.4,33976.4,33938.9,33950.4,1564
2023-02-01 10:00:00,33956.8,33964.8,33921.3,33931.8,33960.4,33968.4,33924.9,33935.4,1636
2023-02-01 11:00:00,33932.3,33960.8,33921.8,33947.8,33935.9,33964.4,33925.4,33951.4,1544
2023-02-01 12:00:00,33947.3,33978.8,33936.3,33972.3,33950.9,33982.4,33939.9,33975.9,2405
2023-02-01 13:00:00,33971.8,34007.8,33889.3,33897.8,33975.4,34011.4,33892.9,33901.4,4080
2023-02-01 14:00:00,33898.3,33974.9,33816.9,33950.9,33901.9,33977.3,33819.3,33953.3,20904
2023-02-01 15:00:00,33961.9,33961.9,33691.5,33732.0,33964.3,33964.3,33693.9,33734.4,22437
2023-02-01 16:00:00,33729.5,33865.2,33721.0,33776.7,33731.9,33867.6,33723.4,33779.1,15340
2023-02-01 17:00:00,33775.7,33780.2,33697.2,33719.2,33778.1,33782.6,33699.6,33721.6,8862
2023-02-01 18:00:00,33720.0,33823.5,33709.0,33780.5,33722.4,33825.9,33711.4,33782.9,7014
2023-02-01 19:00:00,33779.5,34149.4,33567.9,34043.9,33781.9,34151.8,33570.3,34046.3,59891
2023-02-01 20:00:00,34044.9,34346.9,34037.4,34107.9,34047.3,34349.3,34039.8,34110.3,43263
2023-02-01 21:00:00,34106.7,34114.2,34039.2,34051.0,34111.5,34119.0,34044.0,34060.8,6442
2023-02-01 22:00:00,34050.9,34084.2,34049.8,34078.7,34060.7,34094.0,34059.6,34088.5,0
2023-02-01 23:00:00,34065.2,34109.7,34049.2,34088.2,34070.0,34114.5,34054.0,34093.0,2091
2023-02-02 00:00:00,34086.2,34094.7,34040.7,34071.7,34091.0,34099.5,34045.5,34076.5,1397
2023-02-02 01:00:00,34070.7,34091.2,34013.7,34038.7,34075.5,34096.0,34018.5,34043.5,1413
2023-02-02 02:00:00,34039.2,34044.2,33985.7,34000.7,34044.0,34049.0,33990.5,34005.5,934
2023-02-02 03:00:00,34001.2,34030.2,33992.2,34028.2,34006.0,34035.0,33997.0,34033.0,738
2023-02-02 04:00:00,34028.7,34057.2,34016.7,34047.7,34033.5,34062.0,34021.5,34052.5,902
2023-02-02 05:00:00,34048.2,34054.2,34025.7,34035.2,34053.0,34059.0,34030.5,34040.0,755
2023-02-02 06:00:00,34036.2,34042.7,34022.2,34037.2,34041.0,34047.5,34027.0,34042.0,1142
2023-02-02 07:00:00,34037.8,34068.3,34015.8,34018.8,34041.4,34071.9,34019.4,34022.4,1904
2023-02-02 08:00:00,34019.3,34133.8,34007.8,34099.8,34022.9,34137.4,34011.4,34103.4,4190
2023-02-02 09:00:00,34098.8,34098.8,34006.3,34056.3,34102.4,34102.4,34009.9,34059.9,3570
2023-02-02 10:00:00,34056.8,34065.8,34031.3,34046.8,34060.4,34069.4,34034.9,34050.4,1708
2023-02-02 11:00:00,34047.3,34056.8,33959.3,33977.3,34050.9,34060.4,33962.9,33980.9,4132
2023-02-02 12:00:00,33979.3,33995.3,33925.8,33990.8,33982.9,33998.9,33929.4,33994.4,4668
2023-02-02 13:00:00,33988.8,34149.8,33971.3,34125.8,33992.4,34153.4,33974.9,34129.4,9140
2023-02-02 14:00:00,34126.3,34152.8,33811.8,33898.2,34129.9,34156.4,33814.2,33900.6,30779
2023-02-02 15:00:00,33898.7,34068.2,33808.7,34030.2,33901.1,34070.6,33811.1,34032.6,30618
2023-02-02 16:00:00,34032.7,34037.7,33935.0,33947.5,34035.1,34040.1,33937.4,33949.9,14066
2023-02-02 17:00:00,33946.5,33999.5,33912.5,33989.5,33948.9,34001.9,33914.9,33991.9,9975
2023-02-02 18:00:00,33993.5,34085.2,33968.2,34075.7,33995.9,34087.6,33970.6,34078.1,10448
2023-02-02 19:00:00,34075.2,34102.2,33848.3,33862.8,34077.6,34104.6,33850.7,33865.2,21275
2023-02-02 20:00:00,33863.3,34057.2,33819.8,34057.2,33865.7,34059.6,33822.2,34059.6,23847
2023-02-02 21:00:00,34056.0,34082.0,33906.0,33969.9,34060.8,34086.8,33910.8,33979.7,11813
2023-02-02 22:00:00,33967.5,34082.9,33956.8,34058.6,33977.3,34092.7,33966.6,34068.4,0
2023-02-02 23:00:00,33984.0,33998.0,33959.0,33980.0,33988.8,34002.8,33963.8,33984.8,1698
2023-02-03 00:00:00,33980.5,34026.0,33979.5,34020.0,33985.3,34030.8,33984.3,34024.8,1089
2023-02-03 01:00:00,34020.5,34062.0,34010.0,34047.0,34025.3,34066.8,34014.8,34051.8,1402
2023-02-03 02:00:00,34047.5,34056.0,34019.0,34027.0,34052.3,34060.8,34023.8,34031.8,1440
2023-02-03 03:00:00,34027.5,34060.5,34026.5,34055.0,34032.3,34065.3,34031.3,34059.8,806
2023-02-03 04:00:00,34055.5,34069.0,34050.5,34066.0,34060.3,34073.8,34055.3,34070.8,638
2023-02-03 05:00:00,34067.5,34075.0,34037.5,34047.0,34072.3,34079.8,34042.3,34051.8,814
2023-02-03 06:00:00,34048.0,34063.5,34034.5,34048.0,34052.8,34068.3,34039.3,34052.8,929
2023-02-03 07:00:00,34048.6,34049.6,33995.1,34013.6,34052.2,34053.2,33998.7,34017.2,2109
2023-02-03 08:00:00,34014.1,34017.6,33950.1,33971.6,34017.7,34021.2,33953.7,33975.2,2740
2023-02-03 09:00:00,33972.6,33982.1,33938.6,33938.6,33976.2,33985.7,33942.2,33942.2,2677
2023-02-03 10:00:00,33938.1,33951.1,33924.6,33947.1,33941.7,33954.7,33928.2,33950.7,2194
2023-02-03 11:00:00,33947.6,33990.1,33912.1,33957.1,33951.2,33993.7,33915.7,33960.7,2956
2023-02-03 12:00:00,33956.6,33997.1,33955.6,33980.6,33960.2,34000.7,33959.2,33984.2,2937
2023-02-03 13:00:00,33981.1,34001.6,33773.6,33852.1,33984.7,34005.2,33777.2,33855.7,17459
2023-02-03 14:00:00,33853.1,34033.9,33804.6,33908.4,33856.7,34036.3,33808.2,33910.8,35785
2023-02-03 15:00:00,33904.4,34141.0,33823.4,34077.5,33906.8,34143.4,33825.8,34079.9,40416
2023-02-03 16:00:00,34077.0,34184.5,34043.5,34054.5,34079.4,34186.9,34045.9,34056.9,23026
2023-02-03 17:00:00,34055.0,34175.0,33989.0,34005.0,34057.4,34177.4,33991.4,34007.4,15311
2023-02-03 18:00:00,34004.1,34008.1,33828.1,33916.6,34006.5,34010.5,33830.5,33919.0,23413
2023-02-03 19:00:00,33917.1,33943.6,33840.1,33860.1,33919.5,33946.0,33842.5,33862.5,16908
2023-02-03 20:00:00,33861.6,33950.1,33808.1,33911.2,33864.0,33952.5,33810.5,33913.6,23164
2023-02-03 21:00:00,33908.8,33920.6,33884.1,33898.3,33911.2,33925.4,33888.9,33908.1,3088
2023-02-05 23:00:00,33837.1,33891.1,33812.6,33877.1,33841.9,33895.9,33817.4,33881.9,2045
2023-02-06 00:00:00,33876.6,33879.1,33834.1,33848.1,33881.4,33883.9,33838.9,33852.9,1067
2023-02-06 01:00:00,33848.6,33875.1,33822.6,33855.1,33853.4,33879.9,33827.4,33859.9,2071
2023-02-06 02:00:00,33854.6,33865.1,33833.1,33838.1,33859.4,33869.9,33837.9,33842.9,1337
2023-02-06 03:00:00,33838.6,33846.1,33826.1,33831.1,33843.4,33850.9,33830.9,33835.9,1144
2023-02-06 04:00:00,33831.6,33842.6,33819.1,33834.1,33836.4,33847.4,33823.9,33838.9,659
2023-02-06 05:00:00,33833.6,33836.6,33804.6,33828.6,33838.4,33841.4,33809.4,33833.4,970
2023-02-06 06:00:00,33829.1,33838.1,33793.1,33798.6,33833.9,33842.9,33797.9,33803.4,1583
2023-02-06 07:00:00,33799.2,33818.2,33785.2,33813.7,33802.8,33821.8,33788.8,33817.3,1580
2023-02-06 08:00:00,33814.2,33819.7,33753.7,33772.7,33817.8,33823.3,33757.3,33776.3,3177
2023-02-06 09:00:00,33773.2,33773.7,33686.2,33694.7,33776.8,33777.3,33689.8,33698.3,4097
2023-02-06 10:00:00,33694.2,33704.7,33637.2,33679.7,33697.8,33708.3,33640.8,33683.3,4162
2023-02-06 11:00:00,33680.2,33719.7,33643.2,33716.2,33683.8,33723.3,33646.8,33719.8,3316
2023-02-06 12:00:00,33715.7,33773.2,33706.7,33760.7,33719.3,33776.8,33710.3,33764.3,3747
2023-02-06 13:00:00,33761.7,33765.7,33703.7,33733.7,33765.3,33769.3,33707.3,33737.3,4840
2023-02-06 14:00:00,33733.2,33857.3,33725.7,33782.3,33736.8,33859.7,33729.3,33784.7,24509
2023-02-06 15:00:00,33782.8,33834.3,33671.3,33818.8,33785.2,33836.7,33673.7,33821.2,26822
2023-02-06 16:00:00,33818.3,33883.3,33800.3,33807.8,33820.7,33885.7,33802.7,33810.2,17585
2023-02-06 17:00:00,33807.3,33874.8,33793.3,33852.3,33809.7,33877.2,33795.7,33854.7,9893
2023-02-06 18:00:00,33853.7,33916.2,33817.7,33880.7,33856.1,33918.6,33820.1,33883.1,11205
2023-02-06 19:00:00,33879.7,33968.7,33845.8,33889.8,33882.1,33971.1,33848.2,33892.2,13766
2023-02-06 20:00:00,33888.3,33902.2,33793.8,33881.2,33890.7,33904.6,33796.2,33883.6,20253
2023-02-06 21:00:00,33879.7,33891.5,33858.5,33867.9,33882.1,33896.3,33863.3,33877.7,3634
2023-02-06 22:00:00,33867.0,33874.9,33861.6,33871.5,33876.8,33884.7,33871.4,33881.3,0
2023-02-06 23:00:00,33867.2,33922.0,33867.2,33922.0,33877.0,33926.8,33876.3,33926.8,1201
2023-02-07 00:00:00,33921.5,33944.0,33910.5,33943.5,33926.3,33948.8,33915.3,33948.3,1106
2023-02-07 01:00:00,33944.0,33955.0,33925.5,33949.5,33948.8,33959.8,33930.3,33954.3,1254
2023-02-07 02:00:00,33950.5,33951.5,33924.0,33945.0,33955.3,33956.3,33928.8,33949.8,960
2023-02-07 03:00:00,33945.5,33949.0,33914.0,33919.0,33950.3,33953.8,33918.8,33923.8,742
2023-02-07 04:00:00,33918.5,33927.5,33887.0,33890.5,33923.3,33932.3,33891.8,33895.3,823
2023-02-07 05:00:00,33891.0,33914.0,33890.0,33907.0,33895.8,33918.8,33894.8,33911.8,856
2023-02-07 06:00:00,33906.5,33926.0,33890.5,33896.0,33911.3,33930.8,33895.3,33900.8,1174
2023-02-07 07:00:00,33896.6,33904.6,33876.1,33882.6,33900.2,33908.2,33879.7,33886.2,1228
2023-02-07 08:00:00,33882.1,33901.6,33797.1,33857.6,33885.7,33905.2,33800.7,33861.2,3911
2023-02-07 09:00:00,33857.1,33916.1,33856.1,33905.6,33860.7,33919.7,33859.7,33909.2,3542
2023-02-07 10:00:00,33904.6,33917.6,33863.6,33865.6,33908.2,33921.2,33867.2,33869.2,1746
2023-02-07 11:00:00,33865.1,33892.6,33843.6,33854.6,33868.7,33896.2,33847.2,33858.2,2554
2023-02-07 12:00:00,33854.1,33877.6,33825.6,33847.6,33857.7,33881.2,33829.2,33851.2,3053
2023-02-07 13:00:00,33847.1,33852.6,33766.6,33789.1,33850.7,33856.2,33770.2,33792.7,7252
2023-02-07 14:00:00,33790.1,33810.5,33686.6,33788.0,33793.7,33812.9,33689.6,33790.4,23645
2023-02-07 15:00:00,33787.5,33817.0,33731.5,33736.0,33789.9,33819.4,33733.9,33738.4,19420
2023-02-07 16:00:00,33736.5,33859.5,33726.5,33828.5,33738.9,33861.9,33728.9,33830.9,16848
2023-02-07 17:00:00,33828.0,34181.0,33781.5,34117.5,33830.4,34183.4,33783.9,34119.9,30467
2023-02-07 18:00:00,34117.0,34170.5,33631.0,33703.5,34119.4,34172.9,33633.4,33705.9,70816
2023-02-07 19:00:00,33703.0,34057.5,33698.0,34046.5,33705.4,34059.9,33700.4,34048.9,41727
2023-02-07 20:00:00,34047.0,34250.5,33990.0,34169.5,34049.4,34252.9,33992.4,34171.9,31030
2023-02-07 21:00:00,34168.3,34171.8,34099.8,34106.6,34173.1,34176.6,34104.6,34116.4,5240
2023-02-07 22:00:00,34107.5,34117.4,34102.4,34111.8,34117.3,34127.2,34112.2,34121.6,0
2023-02-07 23:00:00,34112.3,34141.8,34110.3,34122.8,34122.1,34146.6,34115.1,34127.6,1222
2023-02-08 00:00:00,34122.3,34137.8,34106.8,34136.8,34127.1,34142.6,34111.6,34141.6,994
2023-02-08 01:00:00,34137.3,34148.3,34115.8,34130.8,34142.1,34153.1,34120.6,34135.6,962
2023-02-08 02:00:00,34130.3,34149.8,34129.3,34149.3,34135.1,34154.6,34134.1,34154.1,626
2023-02-08 03:00:00,34149.8,34176.3,34148.8,34162.8,34154.6,34181.1,34153.6,34167.6,1050
2023-02-08 04:00:00,34162.3,34169.8,34151.8,34156.8,34167.1,34174.6,34156.6,34161.6,547
2023-02-08 05:00:00,34156.3,34179.8,34146.3,34173.8,34161.1,34184.6,34151.1,34178.6,756
2023-02-08 06:00:00,34173.3,34179.8,34141.8,34143.8,34178.1,34184.6,34146.6,34148.6,1169
2023-02-08 07:00:00,34144.4,34149.4,34100.9,34128.4,34148.0,34153.0,34104.5,34132.0,2360
2023-02-08 08:00:00,34129.4,34155.4,34049.4,34101.4,34133.0,34159.0,34053.0,34105.0,5554
2023-02-08 09:00:00,34100.9,34136.4,34087.4,34118.4,34104.5,34140.0,34091.0,34122.0,2271
2023-02-08 10:00:00,34118.9,34122.9,34084.4,34116.4,34122.5,34126.5,34088.0,34120.0,1567
2023-02-08 11:00:00,34115.9,34120.4,34046.9,34070.4,34119.5,34124.0,34050.5,34074.0,2574
2023-02-08 12:00:00,34069.9,34097.4,34032.4,34042.4,34073.5,34101.0,34036.0,34046.0,3128
2023-02-08 13:00:00,34042.9,34067.4,34014.9,34057.4,34046.5,34071.0,34018.5,34061.0,4637
2023-02-08 14:00:00,34056.4,34156.5,34004.0,34147.5,34060.0,34158.9,34006.4,34149.9,26325
2023-02-08 15:00:00,34145.5,34154.5,34025.4,34086.4,34147.9,34156.9,34027.8,34088.8,24938
2023-02-08 16:00:00,34085.4,34087.9,33912.4,33990.4,34087.8,34090.3,33914.8,33992.8,24222
2023-02-08 17:00:00,33988.9,34052.4,33942.4,34047.4,33991.3,34054.8,33944.8,34049.8,13291
2023-02-08 18:00:00,34047.6,34115.1,34007.6,34033.1,34050.0,34117.5,34010.0,34035.5,16250
2023-02-08 19:00:00,34033.6,34067.1,33927.4,33989.9,34036.0,34069.5,33929.8,33992.3,13288
2023-02-08 20:00:00,33990.4,33996.4,33893.9,33960.3,33992.8,33998.8,33896.3,33962.7,21284
2023-02-08 21:00:00,33961.3,34011.2,33925.7,34000.5,33963.7,34016.0,33930.5,34010.3,5237
2023-02-08 22:00:00,34000.4,34001.2,33982.5,33983.5,34010.2,34011.0,33992.3,33993.3,0
2023-02-08 23:00:00,34001.7,34001.7,33955.7,33989.7,34006.5,34006.5,33960.5,33994.5,1210
2023-02-09 00:00:00,33990.2,34017.2,33989.7,34013.7,33995.0,34022.0,33994.5,34018.5,684
2023-02-09 01:00:00,34014.2,34037.7,34006.7,34025.7,34019.0,34042.5,34011.5,34030.5,1069
2023-02-09 02:00:00,34025.2,34040.2,34017.2,34035.7,34030.0,34045.0,34022.0,34040.5,501
2023-02-09 03:00:00,34036.2,34047.2,34023.7,34037.2,34041.0,34052.0,34028.5,34042.0,724
2023-02-09 04:00:00,34036.7,34045.2,34032.7,34039.2,34041.5,34050.0,34037.5,34044.0,479
2023-02-09 05:00:00,34039.7,34076.7,33992.2,34057.7,34044.5,34081.5,33997.0,34062.5,2990
2023-02-09 06:00:00,34057.2,34078.7,34041.7,34070.7,34062.0,34083.5,34046.5,34075.5,1281
2023-02-09 07:00:00,34071.3,34088.3,34059.8,34074.8,34074.9,34091.9,34063.4,34078.4,1864
2023-02-09 08:00:00,34075.3,34196.3,34072.8,34167.3,34078.9,34199.9,34076.4,34170.9,5414
2023-02-09 09:00:00,34165.3,34212.3,34147.3,34211.3,34168.9,34215.9,34150.9,34214.9,3741
2023-02-09 10:00:00,34210.3,34223.8,34178.8,34222.3,34213.9,34227.4,34182.4,34225.9,3170
2023-02-09 11:00:00,34221.8,34223.8,34152.3,34167.3,34225.4,34227.4,34155.9,34170.9,2750
2023-02-09 12:00:00,34167.8,34171.3,34134.8,34136.3,34171.4,34174.9,34138.4,34139.9,2839
2023-02-09 13:00:00,34136.8,34192.3,34134.3,34188.8,34140.4,34195.9,34137.9,34192.4,4876
2023-02-09 14:00:00,34188.3,34246.9,34133.4,34157.9,34191.9,34249.3,34135.8,34160.3,23817
2023-02-09 15:00:00,34158.9,34220.4,34109.6,34164.6,34161.3,34222.8,34112.0,34167.0,24783
2023-02-09 16:00:00,34165.1,34166.6,33993.9,34019.2,34167.5,34169.0,33996.3,34021.6,23660
2023-02-09 17:00:00,34019.7,34065.7,33848.7,33895.7,34022.1,34068.1,33851.1,33898.1,18205
2023-02-09 18:00:00,33896.2,33913.2,33818.2,33852.2,33898.6,33915.6,33820.6,33854.6,15143
2023-02-09 19:00:00,33851.7,33872.7,33757.3,33772.3,33854.1,33875.1,33759.7,33774.7,14084
2023-02-09 20:00:00,33771.8,33779.4,33602.8,33709.9,33774.2,33781.8,33605.2,33712.3,30354
2023-02-09 21:00:00,33708.4,33738.7,33680.7,33720.6,33710.8,33743.5,33685.5,33730.4,5027
2023-02-09 22:00:00,33720.3,33724.9,33713.2,33718.0,33730.1,33734.7,33723.0,33727.8,0
2023-02-09 23:00:00,33731.2,33733.2,33686.7,33702.7,33736.0,33738.0,33691.5,33707.5,1519
2023-02-10 00:00:00,33702.2,33706.7,33664.2,33696.2,33707.0,33711.5,33669.0,33701.0,1539
2023-02-10 01:00:00,33696.7,33720.2,33690.2,33712.2,33701.5,33725.0,33695.0,33717.0,1376
2023-02-10 02:00:00,33712.7,33715.2,33677.7,33677.7,33717.5,33720.0,33682.5,33682.5,890
2023-02-10 03:00:00,33678.2,33678.2,33647.7,33665.7,33683.0,33683.0,33652.5,33670.5,1469
2023-02-10 04:00:00,33666.2,33669.7,33642.2,33659.7,33671.0,33674.5,33647.0,33664.5,696
2023-02-10 05:00:00,33660.2,33682.7,33651.2,33677.2,33665.0,33687.5,33656.0,33682.0,719
2023-02-10 06:00:00,33676.7,33697.2,33672.2,33689.2,33681.5,33702.0,33677.0,33694.0,1254
2023-02-10 07:00:00,33689.8,33708.8,33663.3,33703.8,33693.4,33712.4,33666.9,33707.4,2916
2023-02-10 08:00:00,33704.3,33753.8,33687.8,33732.8,33707.9,33757.4,33691.4,33736.4,3917
2023-02-10 09:00:00,33731.8,33749.8,33649.8,33655.3,33735.4,33753.4,33653.4,33658.9,4972
2023-02-10 10:00:00,33655.8,33679.8,33611.8,33636.8,33659.4,33683.4,33615.4,33640.4,4919
2023-02-10 11:00:00,33636.3,33638.3,33548.8,33557.8,33639.9,33641.9,33552.4,33561.4,4942
2023-02-10 12:00:00,33558.8,33589.8,33514.8,33527.8,33562.4,33593.4,33518.4,33531.4,4182
2023-02-10 13:00:00,33528.3,33619.3,33517.3,33595.3,33531.9,33622.9,33520.9,33598.9,5945
2023-02-10 14:00:00,33595.8,33728.9,33590.8,33675.4,33599.4,33731.3,33594.4,33677.8,25243
2023-02-10 15:00:00,33670.4,33822.4,33583.9,33727.8,33672.8,33824.8,33586.3,33730.2,32667
2023-02-10 16:00:00,33728.3,33824.8,33715.8,33760.9,33730.7,33827.2,33718.2,33763.3,19340
2023-02-10 17:00:00,33759.4,33809.4,33695.9,33806.9,33761.8,33811.8,33698.3,33809.3,15919
2023-02-10 18:00:00,33807.4,33889.9,33786.4,33791.4,33809.8,33892.3,33788.8,33793.8,15426
2023-02-10 19:00:00,33790.9,33848.0,33758.5,33841.0,33793.3,33850.4,33760.9,33843.4,12661
2023-02-10 20:00:00,33841.5,33895.7,33779.5,33867.7,33843.9,33898.1,33781.9,33870.1,19349
2023-02-10 21:00:00,33866.5,33877.0,33856.0,33864.2,33871.3,33881.8,33860.8,33874.0,3272
2023-02-12 23:00:00,33887.0,33888.5,33790.5,33801.0,33891.8,33893.3,33795.3,33805.8,1673
2023-02-13 00:00:00,33800.5,33808.5,33773.0,33799.0,33805.3,33813.3,33777.8,33803.8,1186
2023-02-13 01:00:00,33799.5,33800.0,33730.5,33765.0,33804.3,33804.8,33735.3,33769.8,2057
2023-02-13 02:00:00,33764.5,33785.0,33757.5,33779.0,33769.3,33789.8,33762.3,33783.8,661
2023-02-13 03:00:00,33779.5,33806.5,33746.0,33749.0,33784.3,33811.3,33750.8,33753.8,1439
2023-02-13 04:00:00,33749.5,33760.5,33744.0,33757.0,33754.3,33765.3,33748.8,33761.8,484
2023-02-13 05:00:00,33757.5,33786.0,33752.5,33777.0,33762.3,33790.8,33757.3,33781.8,943
2023-02-13 06:00:00,33777.5,33797.5,33777.0,33795.0,33782.3,33802.3,33781.8,33799.8,944
2023-02-13 07:00:00,33795.6,33827.1,33785.1,33819.6,33799.2,33830.7,33788.7,33823.2,1739
2023-02-13 08:00:00,33820.6,33860.6,33807.6,33845.6,33824.2,33864.2,33811.2,33849.2,2698
2023-02-13 09:00:00,33846.1,33880.1,33821.6,33841.1,33849.7,33883.7,33825.2,33844.7,2835
2023-02-13 10:00:00,33841.6,33852.6,33806.1,33829.1,33845.2,33856.2,33809.7,33832.7,2000
2023-02-13 11:00:00,33829.6,33859.6,33826.6,33848.6,33833.2,33863.2,33830.2,33852.2,1982
2023-02-13 12:00:00,33852.1,33927.1,33845.1,33913.6,33855.7,33930.7,33848.7,33917.2,3638
2023-02-13 13:00:00,33914.1,33928.6,33837.6,33843.6,33917.7,33932.2,33841.2,33847.2,3707
2023-02-13 14:00:00,33843.1,34030.7,33839.6,34029.2,33846.7,34033.1,33843.2,34031.6,26091
2023-02-13 15:00:00,34030.2,34172.3,34030.2,34147.3,34032.6,34174.7,34032.6,34149.7,25499
2023-02-13 16:00:00,34147.8,34213.3,34116.3,34163.3,34150.2,34215.7,34118.7,34165.7,14731
2023-02-13 17:00:00,34162.8,34211.8,34150.3,34182.3,34165.2,34214.2,34152.7,34184.7,9521
2023-02-13 18:00:00,34184.3,34236.3,34153.3,34235.3,34186.7,34238.7,34155.7,34237.7,8257
2023-02-13 19:00:00,34235.8,34246.3,34124.3,34170.3,34238.2,34248.7,34126.7,34172.7,10181
2023-02-13 20:00:00,34171.8,34253.8,34125.3,34253.3,34174.2,34256.2,34127.7,34255.7,17503
2023-02-13 21:00:00,34253.8,34253.8,34228.2,34232.5,34256.2,34257.0,34233.0,34242.3,4144
2023-02-13 22:00:00,34232.1,34238.5,34230.1,34232.6,34241.9,34248.3,34239.9,34242.4,10
2023-02-13 23:00:00,34239.7,34240.2,34226.2,34231.7,34244.5,34245.0,34231.0,34236.5,725
2023-02-14 00:00:00,34232.2,34233.2,34201.2,34218.7,34237.0,34238.0,34206.0,34223.5,1202
2023-02-14 01:00:00,34218.2,34226.7,34192.2,34204.7,34223.0,34231.5,34197.0,34209.5,881
2023-02-14 02:00:00,34203.7,34212.2,34189.2,34197.7,34208.5,34217.0,34194.0,34202.5,618
2023-02-14 03:00:00,34197.2,34209.2,34188.7,34205.7,34202.0,34214.0,34193.5,34210.5,540
2023-02-14 04:00:00,34206.2,34215.2,34199.2,34205.2,34211.0,34220.0,34204.0,34210.0,451
2023-02-14 05:00:00,34204.2,34209.7,34196.2,34205.7,34209.0,34214.5,34201.0,34210.5,486
2023-02-14 06:00:00,34206.2,34219.7,34201.2,34207.2,34211.0,34224.5,34206.0,34212.0,860
2023-02-14 07:00:00,34207.8,34224.8,34195.8,34210.3,34211.4,34228.4,34199.4,34213.9,2096
2023-02-14 08:00:00,34211.3,34234.3,34177.3,34223.3,34214.9,34237.9,34180.9,34226.9,3002
2023-02-14 09:00:00,34223.8,34289.3,34215.3,34256.3,34227.4,34292.9,34218.9,34259.9,3289
2023-02-14 10:00:00,34257.3,34276.3,34239.8,34271.3,34260.9,34279.9,34243.4,34274.9,1756
2023-02-14 11:00:00,34270.8,34295.3,34259.3,34270.8,34274.4,34298.9,34262.9,34274.4,1735
2023-02-14 12:00:00,34271.3,34312.3,34253.8,34311.3,34274.9,34315.9,34257.4,34314.9,3036
2023-02-14 13:00:00,34310.3,34514.8,34126.8,34238.8,34313.9,34518.4,34130.4,34242.4,27879
2023-02-14 14:00:00,34239.3,34287.8,33997.9,34216.9,34242.9,34291.4,34000.3,34219.3,38670
2023-02-14 15:00:00,34217.4,34337.4,33931.3,33976.8,34219.8,34339.8,33933.7,33979.2,39764
2023-02-14 16:00:00,33976.3,34081.3,33819.3,33895.8,33978.7,34083.7,33821.7,33898.2,36476
2023-02-14 17:00:00,33896.3,34036.8,33885.8,34015.8,33898.7,34039.2,33888.2,34018.2,16525
2023-02-14 18:00:00,34015.6,34187.6,34008.1,34128.6,34018.0,34190.0,34010.5,34131.0,21572
2023-02-14 19:00:00,34129.6,34202.1,34048.1,34163.6,34132.0,34204.5,34050.5,34166.0,15903
2023-02-14 20:00:00,34166.1,34186.6,34080.1,34097.6,34168.5,34189.0,34082.5,34100.0,18199
2023-02-14 21:00:00,34096.6,34096.6,34027.3,34042.5,34099.0,34099.0,34032.1,34052.3,4178
2023-02-14 22:00:00,34044.3,34045.2,34039.9,34042.8,34054.1,34055.0,34049.7,34052.6,0
2023-02-14 23:00:00,34033.8,34048.8,34009.8,34025.8,34038.6,34053.6,34014.6,34030.6,947
2023-02-15 00:00:00,34025.3,34025.3,33994.3,34001.3,34030.1,34030.1,33999.1,34006.1,1207
2023-02-15 01:00:00,34000.8,34021.8,33993.3,33994.8,34005.6,34026.6,33998.1,33999.6,1017
2023-02-15 02:00:00,33994.3,33997.3,33952.8,33959.8,33999.1,34002.1,33957.6,33964.6,1408
2023-02-15 03:00:00,33959.3,33977.8,33940.3,33969.8,33964.1,33982.6,33945.1,33974.6,767
2023-02-15 04:00:00,33969.3,33975.8,33960.3,33967.8,33974.1,33980.6,33965.1,33972.6,489
2023-02-15 05:00:00,33968.3,33981.8,33946.3,33963.8,33973.1,33986.6,33951.1,33968.6,729
2023-02-15 06:00:00,33964.3,33966.8,33928.8,33947.8,33969.1,33971.6,33933.6,33952.6,858
2023-02-15 07:00:00,33948.4,33983.6,33933.1,33948.6,33952.0,33987.2,33936.7,33952.2,1936
2023-02-15 08:00:00,33947.6,34010.1,33917.6,33987.6,33951.2,34013.7,33921.2,33991.2,2950
2023-02-15 09:00:00,33988.1,34031.6,33986.1,34015.1,33991.7,34035.2,33989.7,34018.7,2201
2023-02-15 10:00:00,34014.1,34023.6,33985.1,34013.1,34017.7,34027.2,33988.7,34016.7,1466
2023-02-15 11:00:00,34012.6,34020.1,33986.1,34003.1,34016.2,34023.7,33989.7,34006.7,1230
2023-02-15 12:00:00,34003.6,34065.1,33995.1,34008.1,34007.2,34068.7,33998.7,34011.7,3990
2023-02-15 13:00:00,34007.6,34016.1,33883.6,33954.1,34011.2,34019.7,33887.2,33957.7,10775
2023-02-15 14:00:00,33953.6,33976.7,33846.8,33881.8,33957.2,33979.1,33849.2,33884.2,26799
2023-02-15 15:00:00,33882.8,33986.2,33827.1,33927.2,33885.2,33988.6,33829.5,33929.6,23826
2023-02-15 16:00:00,33926.2,34042.4,33921.2,33991.9,33928.6,34044.8,33923.6,33994.3,15459
2023-02-15 17:00:00,33992.4,34001.9,33884.9,33933.9,33994.8,34004.3,33887.3,33936.3,14831
2023-02-15 18:00:00,33933.0,34070.0,33916.0,34069.0,33935.4,34072.4,33918.4,34071.4,10871
2023-02-15 19:00:00,34069.5,34095.0,33996.5,34003.0,34071.9,34097.4,33998.9,34005.4,12810
2023-02-15 20:00:00,34005.5,34129.3,34004.0,34129.3,34007.9,34131.7,34006.4,34131.7,16348
2023-02-15 21:00:00,34119.4,34132.2,34102.7,34105.0,34121.8,34137.0,34107.5,34114.8,4603
2023-02-15 22:00:00,34105.3,34107.1,34088.1,34101.1,34115.1,34116.9,34097.9,34110.9,0
2023-02-15 23:00:00,34113.7,34113.7,34083.2,34097.2,34118.5,34118.5,34088.0,34102.0,976
2023-02-16 00:00:00,34096.2,34128.7,34094.7,34121.2,34101.0,34133.5,34099.5,34126.0,1110
2023-02-16 01:00:00,34119.2,34150.2,34110.2,34136.7,34124.0,34155.0,34115.0,34141.5,1100
2023-02-16 02:00:00,34137.2,34157.7,34131.7,34146.7,34142.0,34162.5,34136.5,34151.5,936
2023-02-16 03:00:00,34147.2,34150.7,34123.2,34130.7,34152.0,34155.5,34128.0,34135.5,464
2023-02-16 04:00:00,34131.2,34140.7,34128.2,34133.7,34136.0,34145.5,34133.0,34138.5,392
2023-02-16 05:00:00,34134.2,34136.2,34112.2,34122.7,34139.0,34141.0,34117.0,34127.5,591
2023-02-16 06:00:00,34122.2,34124.2,34094.7,34109.7,34127.0,34129.0,34099.5,34114.5,1006
2023-02-16 07:00:00,34110.3,34138.8,34103.8,34132.3,34113.9,34142.4,34107.4,34135.9,1106
2023-02-16 08:00:00,34133.8,34173.3,34107.3,34108.3,34137.4,34176.9,34110.9,34111.9,2770
2023-02-16 09:00:00,34107.3,34151.3,34095.3,34100.8,34110.9,34154.9,34098.9,34104.4,1906
2023-02-16 10:00:00,34101.3,34133.3,34096.3,34100.3,34104.9,34136.9,34099.9,34103.9,1496
2023-02-16 11:00:00,34099.8,34111.3,34083.8,34106.3,34103.4,34114.9,34087.4,34109.9,1311
2023-02-16 12:00:00,34106.8,34114.8,34055.3,34059.3,34110.4,34118.4,34058.9,34062.9,2396
2023-02-16 13:00:00,34058.8,34065.3,33816.3,33848.3,34062.4,34068.9,33819.9,33851.9,14437
2023-02-16 14:00:00,33846.8,33847.3,33703.9,33710.4,33850.4,33850.9,33706.3,33712.8,35415
2023-02-16 15:00:00,33709.4,33899.4,33686.9,33888.9,33711.8,33901.8,33689.3,33891.3,27903
2023-02-16 16:00:00,33889.4,33962.4,33852.9,33924.4,33891.8,33964.8,33855.3,33926.8,18582
2023-02-16 17:00:00,33925.4,34035.4,33897.4,33995.4,33927.8,34037.8,33899.8,33997.8,15371
2023-02-16 18:00:00,33995.9,34029.4,33942.9,33982.4,33998.3,34031.8,33945.3,33984.8,11335
2023-02-16 19:00:00,33982.9,34051.9,33979.4,33995.4,33985.3,34054.3,33981.8,33997.8,9861
2023-02-16 20:00:00,33994.9,34001.4,33688.7,33699.2,33997.3,34003.8,33691.1,33701.6,35214
2023-02-16 21:00:00,33698.0,33701.6,33664.6,33677.9,33702.8,33706.4,33669.4,33687.7,5489
2023-02-16 22:00:00,33677.3,33684.3,33677.0,33681.4,33687.1,33694.1,33686.8,33691.2,0
2023-02-16 23:00:00,33679.6,33683.6,33615.6,33624.6,33684.4,33688.4,33620.4,33629.4,2598
2023-02-17 00:00:00,33624.1,33655.6,33618.6,33644.6,33628.9,33660.4,33623.4,33649.4,1419
2023-02-17 01:00:00,33645.1,33675.1,33628.6,33643.6,33649.9,33679.9,33633.4,33648.4,1375
2023-02-17 02:00:00,33644.1,33644.1,33626.1,33629.6,33648.9,33648.9,33630.9,33634.4,752
2023-02-17 03:00:00,33630.1,33651.6,33623.6,33634.6,33634.9,33656.4,33628.4,33639.4,933
2023-02-17 04:00:00,33635.1,33639.1,33599.6,33611.6,33639.9,33643.9,33604.4,33616.4,1072
2023-02-17 05:00:00,33611.1,33611.1,33582.6,33595.6,33615.9,33615.9,33587.4,33600.4,1062
2023-02-17 06:00:00,33596.1,33603.6,33568.6,33574.6,33600.9,33608.4,33573.4,33579.4,1557
2023-02-17 07:00:00,33575.2,33618.2,33561.2,33585.2,33578.8,33621.8,33564.8,33588.8,2492
2023-02-17 08:00:00,33585.7,33586.2,33469.2,33534.2,33589.3,33589.8,33472.8,33537.8,5556
2023-02-17 09:00:00,33534.7,33594.2,33499.2,33566.2,33538.3,33597.8,33502.8,33569.8,4075
2023-02-17 10:00:00,33566.7,33573.7,33515.2,33525.7,33570.3,33577.3,33518.8,33529.3,2797
2023-02-17 11:00:00,33525.2,33539.7,33493.7,33514.2,33528.8,33543.3,33497.3,33517.8,2353
2023-02-17 12:00:00,33515.7,33577.2,33508.7,33554.2,33519.3,33580.8,33512.3,33557.8,3423
2023-02-17 13:00:00,33553.7,33589.7,33521.2,33580.7,33557.3,33593.3,33524.8,33584.3,4961
2023-02-17 14:00:00,33581.2,33625.8,33501.3,33553.8,33584.8,33628.2,33503.7,33556.2,25463
2023-02-17 15:00:00,33553.3,33804.0,33547.8,33628.5,33555.7,33806.4,33550.2,33630.9,36907
2023-02-17 16:00:00,33629.0,33680.0,33573.5,33620.3,33631.4,33682.4,33575.9,33622.7,17623
2023-02-17 17:00:00,33620.8,33729.3,33586.8,33623.8,33623.2,33731.7,33589.2,33626.2,14769
2023-02-17 18:00:00,33622.9,33689.9,33607.4,33664.4,33625.3,33692.3,33609.8,33666.8,10617
2023-02-17 19:00:00,33667.4,33817.9,33664.4,33808.9,33669.8,33820.3,33666.8,33811.3,13775
2023-02-17 20:00:00,33807.9,33847.9,33766.9,33827.9,33810.3,33850.3,33769.3,33830.3,23663
2023-02-17 21:00:00,33826.7,33837.7,33815.2,33817.9,33831.5,33842.5,33820.0,33827.7,2683
2023-02-19 23:00:00,33794.7,33812.7,33761.2,33783.7,33799.5,33817.5,33766.0,33788.5,756
2023-02-20 00:00:00,33785.2,33786.7,33759.7,33779.7,33790.0,33791.5,33764.5,33784.5,533
2023-02-20 01:00:00,33780.2,33813.2,33775.7,33806.2,33785.0,33818.0,33780.5,33811.0,651
2023-02-20 02:00:00,33806.7,33823.2,33799.7,33820.2,33811.5,33828.0,33804.5,33825.0,697
2023-02-20 03:00:00,33820.7,33829.7,33809.2,33818.7,33825.5,33834.5,33814.0,33823.5,431
2023-02-20 04:00:00,33819.2,33830.7,33801.7,33810.7,33824.0,33835.5,33806.5,33815.5,767
2023-02-20 05:00:00,33810.2,33824.7,33800.2,33816.2,33815.0,33829.5,33805.0,33821.0,323
2023-02-20 06:00:00,33816.7,33819.2,33799.2,33808.2,33821.5,33824.0,33804.0,33813.0,624
2023-02-20 07:00:00,33808.8,33830.8,33790.3,33823.3,33812.4,33834.4,33793.9,33826.9,1124
2023-02-20 08:00:00,33824.3,33824.3,33774.3,33791.3,33827.9,33827.9,33777.9,33794.9,1526
2023-02-20 09:00:00,33790.8,33812.3,33743.8,33753.8,33794.4,33815.9,33747.4,33757.4,1763
2023-02-20 10:00:00,33753.3,33763.3,33727.8,33750.8,33756.9,33766.9,33731.4,33754.4,1298
2023-02-20 11:00:00,33751.3,33777.3,33737.3,33757.3,33754.9,33780.9,33740.9,33760.9,842
2023-02-20 12:00:00,33756.3,33765.3,33726.8,33758.8,33759.9,33768.9,33730.4,33762.4,1209
2023-02-20 13:00:00,33758.3,33788.8,33752.8,33786.8,33761.9,33792.4,33756.4,33790.4,1302
2023-02-20 14:00:00,33786.3,33786.3,33728.9,33748.9,33789.9,33789.9,33731.3,33751.3,2390
2023-02-20 15:00:00,33748.4,33748.9,33700.4,33714.9,33750.8,33751.3,33702.8,33717.3,2119
2023-02-20 16:00:00,33714.4,33724.4,33698.9,33703.4,33716.8,33726.8,33701.3,33705.8,1132
2023-02-20 17:00:00,33703.9,33743.9,33694.4,33736.9,33706.3,33746.3,33696.8,33739.3,1686
2023-02-20 18:00:00,33732.5,33732.7,33712.7,33722.3,33742.3,33742.5,33722.5,33732.1,0
2023-02-20 19:00:00,33722.4,33723.4,33714.2,33714.2,33732.2,33733.2,33724.0,33724.0,0
2023-02-20 20:00:00,33721.4,33722.6,33714.2,33714.2,33731.2,33732.4,33724.0,33724.0,0
2023-02-20 21:00:00,33714.1,33717.0,33709.0,33709.0,33723.9,33726.8,33718.8,33718.8,0
2023-02-20 22:00:00,33709.2,33709.5,33707.5,33708.0,33719.0,33719.3,33717.3,33717.8,0
2023-02-20 23:00:00,33728.7,33744.7,33710.7,33728.2,33733.5,33749.5,33715.5,33733.0,735
2023-02-21 00:00:00,33729.7,33730.2,33689.7,33693.7,33734.5,33735.0,33694.5,33698.5,983
2023-02-21 01:00:00,33693.2,33710.7,33672.7,33704.7,33698.0,33715.5,33677.5,33709.5,1159
2023-02-21 02:00:00,33705.2,33707.7,33683.2,33692.2,33710.0,33712.5,33688.0,33697.0,530
2023-02-21 03:00:00,33691.7,33700.7,33677.2,33698.2,33696.5,33705.5,33682.0,33703.0,437
2023-02-21 04:00:00,33698.7,33701.7,33687.2,33691.7,33703.5,33706.5,33692.0,33696.5,292
2023-02-21 05:00:00,33691.2,33708.7,33685.7,33705.2,33696.0,33713.5,33690.5,33710.0,675
2023-02-21 06:00:00,33705.7,33713.2,33688.7,33703.7,33710.5,33718.0,33693.5,33708.5,641
2023-02-21 07:00:00,33704.3,33704.3,33644.3,33655.3,33707.9,33707.9,33647.9,33658.9,1945
2023-02-21 08:00:00,33654.8,33691.3,33590.8,33596.3,33658.4,33694.9,33594.4,33599.9,5847
2023-02-21 09:00:00,33596.8,33715.8,33570.3,33671.3,33600.4,33719.4,33573.9,33674.9,6771
2023-02-21 10:00:00,33670.8,33692.3,33595.3,33598.3,33674.4,33695.9,33598.9,33601.9,3251
2023-02-21 11:00:00,33598.8,33603.3,33528.3,33602.3,33602.4,33606.9,33531.9,33605.9,6356
2023-02-21 12:00:00,33603.3,33621.3,33517.3,33530.8,33606.9,33624.9,33520.9,33534.4,6207
2023-02-21 13:00:00,33531.3,33532.3,33472.3,33476.8,33534.9,33535.9,33475.9,33480.4,5897
2023-02-21 14:00:00,33477.3,33585.9,33379.4,33391.9,33480.9,33588.3,33381.8,33394.3,28203
2023-02-21 15:00:00,33391.4,33437.9,33305.4,33347.4,33393.8,33440.3,33307.8,33349.8,24753
2023-02-21 16:00:00,33347.9,33370.4,33255.9,33275.9,33350.3,33372.8,33258.3,33278.3,15603
2023-02-21 17:00:00,33276.4,33301.9,33237.9,33292.4,33278.8,33304.3,33240.3,33294.8,8982
2023-02-21 18:00:00,33292.9,33300.4,33176.4,33193.4,33295.3,33302.8,33178.8,33195.8,10163
2023-02-21 19:00:00,33194.4,33198.7,33112.2,33180.2,33196.8,33201.1,33114.6,33182.6,14648
2023-02-21 20:00:00,33181.2,33213.2,33112.7,33134.7,33183.6,33215.6,33115.1,33137.1,20698
2023-02-21 21:00:00,33133.5,33162.0,33133.5,33149.7,33138.3,33166.8,33138.3,33159.5,3842
2023-02-21 22:00:00,33149.8,33153.2,33143.1,33145.7,33159.6,33163.0,33152.9,33155.5,0
2023-02-21 23:00:00,33152.0,33178.5,33142.5,33173.0,33156.8,33183.3,33147.3,33177.8,1392
2023-02-22 00:00:00,33172.5,33194.0,33161.0,33191.5,33177.3,33198.8,33165.8,33196.3,1031
2023-02-22 01:00:00,33191.0,33202.0,33171.0,33183.0,33195.8,33206.8,33175.8,33187.8,1196
2023-02-22 02:00:00,33182.0,33193.5,33173.5,33193.0,33186.8,33198.3,33178.3,33197.8,1020
2023-02-22 03:00:00,33193.5,33194.5,33173.5,33189.0,33198.3,33199.3,33178.3,33193.8,666
2023-02-22 04:00:00,33189.5,33191.0,33175.5,33184.0,33194.3,33195.8,33180.3,33188.8,374
2023-02-22 05:00:00,33184.5,33185.5,33166.5,33175.0,33189.3,33190.3,33171.3,33179.8,451
2023-02-22 06:00:00,33174.5,33181.5,33155.5,33161.5,33179.3,33186.3,33160.3,33166.3,712
2023-02-22 07:00:00,33162.1,33186.1,33142.6,33163.6,33165.7,33189.7,33146.2,33167.2,2102
2023-02-22 08:00:00,33164.1,33190.1,33085.1,33130.6,33167.7,33193.7,33088.7,33134.2,5585
2023-02-22 09:00:00,33131.1,33167.6,33093.6,33140.1,33134.7,33171.2,33097.2,33143.7,4483
2023-02-22 10:00:00,33140.6,33165.6,33100.1,33144.6,33144.2,33169.2,33103.7,33148.2,1812
2023-02-22 11:00:00,33143.6,33157.6,33066.1,33121.6,33147.2,33161.2,33069.7,33125.2,3175
2023-02-22 12:00:00,33122.1,33230.1,33120.6,33200.6,33125.7,33233.7,33124.2,33204.2,5423
2023-02-22 13:00:00,33201.1,33208.6,33164.6,33186.6,33204.7,33212.2,33168.2,33190.2,3829
2023-02-22 14:00:00,33187.1,33205.7,33129.2,33171.2,33190.7,33208.1,33131.6,33173.6,22024
2023-02-22 15:00:00,33169.7,33179.7,33054.7,33144.7,33172.1,33182.1,33057.1,33147.1,19926
2023-02-22 16:00:00,33146.2,33187.7,33115.7,33163.7,33148.6,33190.1,33118.1,33166.1,11307
2023-02-22 17:00:00,33164.2,33244.4,33139.7,33204.4,33166.6,33246.8,33142.1,33206.8,10074
2023-02-22 18:00:00,33205.7,33246.2,33177.7,33201.2,33208.1,33248.6,33180.1,33203.6,8273
2023-02-22 19:00:00,33203.2,33242.2,32980.2,32984.7,33205.6,33244.6,32982.6,32987.1,29928
2023-02-22 20:00:00,32985.2,33057.0,32948.0,33056.0,32987.6,33059.4,32950.4,33058.4,21788
2023-02-22 21:00:00,33057.5,33074.5,33038.0,33063.2,33059.9,33079.3,33042.8,33073.0,4471
2023-02-22 22:00:00,33061.8,33076.5,33036.1,33075.9,33071.6,33086.3,33045.9,33085.7,0
2023-02-22 23:00:00,33064.5,33087.5,33049.5,33081.5,33069.3,33092.3,33054.3,33086.3,1165
2023-02-23 00:00:00,33081.0,33106.0,33079.5,33098.0,33085.8,33110.8,33084.3,33102.8,907
2023-02-23 01:00:00,33097.5,33129.0,33087.5,33126.0,33102.3,33133.8,33092.3,33130.8,1254
2023-02-23 02:00:00,33126.5,33133.5,33114.0,33128.5,33131.3,33138.3,33118.8,33133.3,984
2023-02-23 03:00:00,33129.0,33138.0,33121.5,33130.5,33133.8,33142.8,33126.3,33135.3,716
2023-02-23 04:00:00,33131.0,33142.5,33124.5,33140.5,33135.8,33147.3,33129.3,33145.3,466
2023-02-23 05:00:00,33141.0,33142.0,33124.5,33127.5,33145.8,33146.8,33129.3,33132.3,516
2023-02-23 06:00:00,33127.0,33140.0,33116.5,33116.5,33131.8,33144.8,33121.3,33121.3,579
2023-02-23 07:00:00,33117.1,33129.1,33099.6,33116.1,33120.7,33132.7,33103.2,33119.7,1198
2023-02-23 08:00:00,33113.6,33175.1,33110.1,33133.1,33117.2,33178.7,33113.7,33136.7,3031
2023-02-23 09:00:00,33135.1,33161.1,33094.1,33128.1,33138.7,33164.7,33097.7,33131.7,3886
2023-02-23 10:00:00,33128.6,33138.6,33094.6,33119.1,33132.2,33142.2,33098.2,33122.7,1794
2023-02-23 11:00:00,33118.6,33143.6,33089.1,33135.1,33122.2,33147.2,33092.7,33138.7,2591
2023-02-23 12:00:00,33134.6,33153.1,33115.1,33134.6,33138.2,33156.7,33118.7,33138.2,2359
2023-02-23 13:00:00,33135.1,33161.1,33070.6,33105.1,33138.7,33164.7,33074.2,33108.7,6294
2023-02-23 14:00:00,33104.1,33260.0,33091.6,33248.1,33107.7,33262.4,33095.2,33250.5,24231
2023-02-23 15:00:00,33249.6,33269.1,33022.5,33053.5,33252.0,33271.5,33024.9,33055.9,22267
2023-02-23 16:00:00,33054.0,33082.0,32823.0,32829.5,33056.4,33084.4,32825.4,32831.9,22344
2023-02-23 17:00:00,32832.0,32886.0,32796.0,32882.5,32834.4,32888.4,32798.4,32884.9,14196
2023-02-23 18:00:00,32883.0,32955.0,32850.5,32937.5,32885.4,32957.4,32852.9,32939.9,12439
2023-02-23 19:00:00,32936.5,33124.0,32916.5,33104.5,32938.9,33126.4,32918.9,33106.9,22052
2023-02-23 20:00:00,33106.0,33208.0,33105.5,33168.0,33108.4,33210.4,33107.9,33170.4,21644
2023-02-23 21:00:00,33167.0,33172.8,33113.8,33121.3,33169.4,33177.6,33118.6,33131.1,4064
2023-02-23 22:00:00,33121.5,33136.0,33121.1,33125.3,33131.3,33145.8,33130.9,33135.1,0
2023-02-23 23:00:00,33127.3,33128.3,33104.3,33106.3,33132.1,33133.1,33109.1,33111.1,994
2023-02-24 00:00:00,33106.8,33148.8,33099.3,33142.3,33111.6,33153.6,33104.1,33147.1,1123
2023-02-24 01:00:00,33141.8,33175.8,33108.3,33127.8,33146.6,33180.6,33113.1,33132.6,1641
2023-02-24 02:00:00,33127.3,33135.8,33110.3,33122.3,33132.1,33140.6,33115.1,33127.1,663
2023-02-24 03:00:00,33121.8,33152.8,33120.8,33146.3,33126.6,33157.6,33125.6,33151.1,477
2023-02-24 04:00:00,33146.8,33149.3,33122.3,33125.8,33151.6,33154.1,33127.1,33130.6,327
2023-02-24 05:00:00,33125.3,33139.3,33120.8,33127.3,33130.1,33144.1,33125.6,33132.1,387
2023-02-24 06:00:00,33127.8,33141.3,33116.3,33132.3,33132.6,33146.1,33121.1,33137.1,668
2023-02-24 07:00:00,33132.9,33133.4,33090.6,33093.1,33136.5,33137.0,33094.2,33096.7,1210
2023-02-24 08:00:00,33092.1,33119.6,33079.6,33081.1,33095.7,33123.2,33083.2,33084.7,2557
2023-02-24 09:00:00,33080.6,33115.1,33080.6,33087.6,33084.2,33118.7,33084.2,33091.2,1510
2023-02-24 10:00:00,33087.1,33103.1,33046.6,33061.1,33090.7,33106.7,33050.2,33064.7,2128
2023-02-24 11:00:00,33060.6,33060.6,32969.1,32979.1,33064.2,33064.2,32972.7,32982.7,3471
2023-02-24 12:00:00,32978.6,32982.6,32953.1,32958.1,32982.2,32986.2,32956.7,32961.7,3368
2023-02-24 13:00:00,32957.6,32963.1,32765.1,32783.1,32961.2,32966.7,32768.7,32786.7,13380
2023-02-24 14:00:00,32781.1,32833.2,32668.7,32689.2,32784.7,32835.6,32671.1,32691.6,28510
2023-02-24 15:00:00,32687.7,32773.2,32629.2,32677.2,32690.1,32775.6,32631.6,32679.6,27052
2023-02-24 16:00:00,32678.2,32866.8,32668.2,32800.8,32680.6,32869.2,32670.6,32803.2,21161
2023-02-24 17:00:00,32802.8,32814.8,32704.7,32712.7,32805.2,32817.2,32707.1,32715.1,13265
2023-02-24 18:00:00,32713.2,32810.2,32678.2,32784.2,32715.6,32812.6,32680.6,32786.6,13764
2023-02-24 19:00:00,32785.7,32898.4,32752.4,32875.4,32788.1,32900.8,32754.8,32877.8,14537
2023-02-24 20:00:00,32876.4,32909.9,32730.4,32813.4,32878.8,32912.3,32732.8,32815.8,22750
2023-02-24 21:00:00,32808.8,32808.8,32776.1,32787.4,32811.2,32812.4,32780.9,32797.2,3751
2023-02-26 23:00:00,32777.6,32826.6,32777.6,32820.6,32782.4,32831.4,32782.4,32825.4,1107
2023-02-27 00:00:00,32820.1,32825.1,32784.6,32804.6,32824.9,32829.9,32789.4,32809.4,1033
2023-02-27 01:00:00,32805.1,32862.1,32805.1,32851.1,32809.9,32866.9,32809.9,32855.9,1351
2023-02-27 02:00:00,32850.6,32865.6,32844.6,32850.6,32855.4,32870.4,32849.4,32855.4,836
2023-02-27 03:00:00,32851.1,32854.6,32816.6,32828.6,32855.9,32859.4,32821.4,32833.4,934
2023-02-27 04:00:00,32829.1,32832.1,32818.6,32822.1,32833.9,32836.9,32823.4,32826.9,587
2023-02-27 05:00:00,32823.1,32826.6,32782.1,32788.1,32827.9,32831.4,32786.9,32792.9,1246
2023-02-27 06:00:00,32788.6,32799.1,32778.1,32786.1,32793.4,32803.9,32782.9,32790.9,1051
2023-02-27 07:00:00,32786.7,32844.7,32779.2,32836.2,32790.3,32848.3,32782.8,32839.8,1535
2023-02-27 08:00:00,32836.7,32930.7,32836.7,32899.2,32840.3,32934.3,32840.3,32902.8,5850
2023-02-27 09:00:00,32899.7,32953.7,32898.2,32935.7,32903.3,32957.3,32901.8,32939.3,3252
2023-02-27 10:00:00,32936.2,32965.2,32932.7,32943.7,32939.8,32968.8,32936.3,32947.3,2499
2023-02-27 11:00:00,32944.2,32961.7,32932.7,32943.7,32947.8,32965.3,32936.3,32947.3,1887
2023-02-27 12:00:00,32944.2,32963.2,32924.7,32938.2,32947.8,32966.8,32928.3,32941.8,2385
2023-02-27 13:00:00,32937.7,33067.7,32937.7,33047.7,32941.3,33071.3,32941.3,33051.3,9181
2023-02-27 14:00:00,33048.2,33103.0,33003.3,33101.5,33051.8,33105.4,33005.7,33103.9,22187
2023-02-27 15:00:00,33102.0,33193.0,32953.0,32993.5,33104.4,33195.4,32955.4,32995.9,30464
2023-02-27 16:00:00,32994.0,33013.5,32853.5,32891.1,32996.4,33015.9,32855.9,32893.5,16778
2023-02-27 17:00:00,32892.6,32948.1,32850.6,32941.6,32895.0,32950.5,32853.0,32944.0,10610
2023-02-27 18:00:00,32942.0,32989.5,32910.0,32977.0,32944.4,32991.9,32912.4,32979.4,8744
2023-02-27 19:00:00,32978.5,33016.5,32893.4,32906.4,32980.9,33018.9,32895.8,32908.8,10756
2023-02-27 20:00:00,32905.9,32922.4,32813.9,32891.3,32908.3,32924.8,32816.3,32893.7,19130
2023-02-27 21:00:00,32881.2,32908.5,32880.5,32902.3,32883.6,32913.3,32883.6,32912.1,2800
2023-02-27 22:00:00,32902.2,32906.1,32897.4,32904.5,32912.0,32915.9,32907.2,32914.3,0
2023-02-27 23:00:00,32904.3,32934.5,32901.0,32907.5,32914.1,32939.3,32905.8,32912.3,1510
2023-02-28 00:00:00,32908.0,32932.0,32906.5,32917.5,32912.8,32936.8,32911.3,32922.3,603
2023-02-28 01:00:00,32918.0,32939.0,32903.5,32922.5,32922.8,32943.8,32908.3,32927.3,1049
2023-02-28 02:00:00,32923.0,32937.0,32904.5,32923.0,32927.8,32941.8,32909.3,32927.8,846
2023-02-28 03:00:00,32924.5,32928.0,32913.0,32915.0,32929.3,32932.8,32917.8,32919.8,475
2023-02-28 04:00:00,32914.5,32915.0,32894.0,32898.0,32919.3,32919.8,32898.8,32902.8,656
2023-02-28 05:00:00,32897.5,32900.5,32876.0,32878.5,32902.3,32905.3,32880.8,32883.3,1272
2023-02-28 06:00:00,32879.5,32907.0,32877.0,32898.5,32884.3,32911.8,32881.8,32903.3,909
2023-02-28 07:00:00,32899.1,32901.6,32808.1,32808.1,32902.7,32905.2,32811.7,32811.7,2816
2023-02-28 08:00:00,32808.6,32841.6,32765.1,32824.1,32812.2,32845.2,32768.7,32827.7,4117
2023-02-28 09:00:00,32824.6,32860.1,32807.6,32846.1,32828.2,32863.7,32811.2,32849.7,3228
2023-02-28 10:00:00,32846.6,32924.6,32846.1,32922.1,32850.2,32928.2,32849.7,32925.7,3515
2023-02-28 11:00:00,32922.6,32967.1,32906.1,32950.1,32926.2,32970.7,32909.7,32953.7,4023
2023-02-28 12:00:00,32949.6,32990.1,32940.6,32968.6,32953.2,32993.7,32944.2,32972.2,3292
2023-02-28 13:00:00,32968.1,32982.6,32906.1,32949.1,32971.7,32986.2,32909.7,32952.7,6214
2023-02-28 14:00:00,32950.1,32953.1,32724.4,32742.5,32953.7,32956.7,32726.8,32744.9,23346
2023-02-28 15:00:00,32742.0,32797.0,32670.5,32734.5,32744.4,32799.4,32672.9,32736.9,24396
2023-02-28 16:00:00,32738.0,32816.0,32701.7,32712.7,32740.4,32818.4,32704.1,32715.1,15047
2023-02-28 17:00:00,32713.2,32818.7,32700.7,32794.7,32715.6,32821.1,32703.1,32797.1,10627
2023-02-28 18:00:00,32793.0,32814.0,32765.0,32789.5,32795.4,32816.4,32767.4,32791.9,8173
2023-02-28 19:00:00,32790.0,32811.0,32711.9,32719.9,32792.4,32813.4,32714.3,32722.3,11167
2023-02-28 20:00:00,32720.4,32725.4,32633.6,32634.6,32722.8,32727.8,32636.0,32637.0,22711
2023-02-28 21:00:00,32618.1,32631.4,32568.4,32612.9,32620.5,32636.2,32573.2,32622.7,6951
2023-02-28 22:00:00,32612.8,32617.1,32607.9,32609.7,32622.6,32626.9,32617.7,32619.5,0
2023-02-28 23:00:00,32607.9,32624.9,32564.9,32574.4,32617.7,32629.7,32569.7,32579.2,1556
2023-03-01 00:00:00,32574.9,32577.9,32536.4,32546.4,32579.7,32582.7,32541.2,32551.2,2384
2023-03-01 01:00:00,32545.9,32621.9,32529.9,32620.4,32550.7,32626.7,32534.7,32625.2,2667
2023-03-01 02:00:00,32620.9,32653.9,32612.4,32645.4,32625.7,32658.7,32617.2,32650.2,1522
2023-03-01 03:00:00,32644.9,32669.4,32637.9,32658.4,32649.7,32674.2,32642.7,32663.2,1484
2023-03-01 04:00:00,32658.9,32670.4,32644.4,32668.4,32663.7,32675.2,32649.2,32673.2,727
2023-03-01 05:00:00,32668.9,32678.4,32654.4,32665.4,32673.7,32683.2,32659.2,32670.2,624
2023-03-01 06:00:00,32665.9,32709.9,32665.4,32676.4,32670.7,32714.7,32670.2,32681.2,1853
2023-03-01 07:00:00,32677.0,32707.5,32669.0,32694.5,32680.6,32711.1,32672.6,32698.1,2494
2023-03-01 08:00:00,32695.0,32729.5,32659.5,32709.0,32698.6,32733.1,32663.1,32712.6,4153
2023-03-01 09:00:00,32706.5,32742.0,32670.5,32692.0,32710.1,32745.6,32674.1,32695.6,3902
2023-03-01 10:00:00,32692.5,32722.0,32671.5,32720.0,32696.1,32725.6,32675.1,32723.6,2432
2023-03-01 11:00:00,32720.5,32735.0,32704.5,32710.0,32724.1,32738.6,32708.1,32713.6,2814
2023-03-01 12:00:00,32710.5,32723.0,32689.5,32719.5,32714.1,32726.6,32693.1,32723.1,2357
2023-03-01 13:00:00,32719.0,32721.0,32545.5,32563.5,32722.6,32724.6,32549.1,32567.1,7745
2023-03-01 14:00:00,32564.0,32724.1,32546.5,32668.6,32567.6,32726.5,32550.0,32671.0,23594
2023-03-01 15:00:00,32670.1,32723.6,32552.1,32695.1,32672.5,32726.0,32554.5,32697.5,31280
2023-03-01 16:00:00,32695.6,32751.0,32493.6,32722.5,32698.0,32753.4,32496.0,32724.9,25833
2023-03-01 17:00:00,32724.5,32749.0,32676.5,32692.0,32726.9,32751.4,32678.9,32694.4,14156
2023-03-01 18:00:00,32692.3,32694.8,32586.8,32623.8,32694.7,32697.2,32589.2,32626.2,11031
2023-03-01 19:00:00,32623.3,32632.8,32551.1,32577.1,32625.7,32635.2,32553.5,32579.5,12892
2023-03-01 20:00:00,32577.6,32695.8,32571.1,32667.3,32580.0,32698.2,32573.5,32669.7,18454
2023-03-01 21:00:00,32668.8,32829.6,32639.6,32820.5,32671.2,32834.4,32644.4,32830.3,10820
2023-03-01 22:00:00,32820.4,32822.8,32791.1,32795.3,32830.2,32832.6,32800.9,32805.1,0
2023-03-01 23:00:00,32811.1,32815.1,32794.1,32813.1,32815.9,32819.9,32798.9,32817.9,2024
2023-03-02 00:00:00,32813.6,32857.6,32795.1,32797.1,32818.4,32862.4,32799.9,32801.9,2176
2023-03-02 01:00:00,32798.1,32798.1,32644.1,32693.6,32802.9,32802.9,32648.9,32698.4,4782
2023-03-02 02:00:00,32693.1,32740.1,32685.1,32739.1,32697.9,32744.9,32689.9,32743.9,1484
2023-03-02 03:00:00,32739.6,32752.6,32708.6,32723.1,32744.4,32757.4,32713.4,32727.9,1034
2023-03-02 04:00:00,32722.6,32734.1,32709.1,32725.1,32727.4,32738.9,32713.9,32729.9,484
2023-03-02 05:00:00,32725.6,32729.1,32671.6,32685.1,32730.4,32733.9,32676.4,32689.9,998
2023-03-02 06:00:00,32685.6,32716.6,32672.1,32679.6,32690.4,32721.4,32676.9,32684.4,1196
2023-03-02 07:00:00,32680.2,32689.2,32631.2,32642.7,32683.8,32692.8,32634.8,32646.3,2786
2023-03-02 08:00:00,32643.7,32691.2,32605.2,32686.7,32647.3,32694.8,32608.8,32690.3,5030
2023-03-02 09:00:00,32685.7,32713.7,32651.7,32661.7,32689.3,32717.3,32655.3,32665.3,2429
2023-03-02 10:00:00,32661.2,32697.2,32618.2,32690.7,32664.8,32700.8,32621.8,32694.3,2850
2023-03-02 11:00:00,32691.2,32741.2,32689.2,32738.2,32694.8,32744.8,32692.8,32741.8,2922
2023-03-02 12:00:00,32737.7,32765.7,32705.2,32727.7,32741.3,32769.3,32708.8,32731.3,3005
2023-03-02 13:00:00,32728.2,32761.2,32671.7,32721.7,32731.8,32764.8,32675.3,32725.3,6868
2023-03-02 14:00:00,32720.7,32776.2,32643.8,32705.8,32724.3,32779.8,32646.2,32708.2,19596
2023-03-02 15:00:00,32707.8,32817.0,32705.3,32807.5,32710.2,32819.4,32707.7,32809.9,20989
2023-03-02 16:00:00,32808.0,32842.0,32736.3,32760.3,32810.4,32844.4,32738.7,32762.7,12827
2023-03-02 17:00:00,32760.8,32810.3,32705.8,32796.3,32763.2,32812.7,32708.2,32798.7,9758
2023-03-02 18:00:00,32795.4,32915.9,32749.4,32907.4,32797.8,32918.3,32751.8,32909.8,14636
2023-03-02 19:00:00,32907.9,32983.5,32901.4,32952.0,32910.3,32985.9,32903.8,32954.4,16114
2023-03-02 20:00:00,32952.5,33085.0,32921.0,33008.4,32954.9,33087.4,32923.4,33010.8,23324
2023-03-02 21:00:00,33006.2,33015.0,32973.5,32977.7,33008.6,33019.8,32978.3,32987.5,4699
2023-03-02 22:00:00,32977.8,32991.3,32975.6,32988.0,32987.6,33001.1,32985.4,32997.8,0
2023-03-02 23:00:00,32979.5,32984.5,32949.0,32958.5,32984.3,32989.3,32953.8,32963.3,982
2023-03-03 00:00:00,32958.0,32978.5,32942.5,32972.5,32962.8,32983.3,32947.3,32977.3,1450
2023-03-03 01:00:00,32973.0,32997.5,32938.0,32946.5,32977.8,33002.3,32942.8,32951.3,1723
2023-03-03 02:00:00,32946.0,32959.5,32940.5,32951.5,32950.8,32964.3,32945.3,32956.3,943
2023-03-03 03:00:00,32951.0,32970.0,32946.5,32957.5,32955.8,32974.8,32951.3,32962.3,605
2023-03-03 04:00:00,32958.0,32965.0,32948.5,32958.5,32962.8,32969.8,32953.3,32963.3,368
2023-03-03 05:00:00,32958.0,32983.5,32957.5,32969.0,32962.8,32988.3,32962.3,32973.8,1034
2023-03-03 06:00:00,32968.5,32984.5,32961.0,32980.5,32973.3,32989.3,32965.8,32985.3,1041
2023-03-03 07:00:00,32981.1,32981.1,32929.6,32930.1,32984.7,32984.7,32933.2,32933.7,1705
2023-03-03 08:00:00,32929.6,32996.6,32929.6,32983.1,32933.2,33000.2,32933.2,32986.7,2996
2023-03-03 09:00:00,32984.1,33028.6,32979.1,33011.1,32987.7,33032.2,32982.7,33014.7,2875
2023-03-03 10:00:00,33010.6,33046.1,33009.6,33041.6,33014.2,33049.7,33013.2,33045.2,2832
2023-03-03 11:00:00,33041.1,33071.1,33040.1,33062.6,33044.7,33074.7,33043.7,33066.2,2205
2023-03-03 12:00:00,33061.6,33096.6,33048.1,33061.1,33065.2,33100.2,33051.7,33064.7,3468
2023-03-03 13:00:00,33061.6,33123.6,33051.6,33118.1,33065.2,33127.2,33055.2,33121.7,4171
2023-03-03 14:00:00,33118.6,33155.7,33033.7,33123.7,33122.2,33158.1,33036.1,33126.1,22226
2023-03-03 15:00:00,33131.7,33159.7,32995.2,33118.2,33134.1,33162.1,32997.6,33120.6,27764
2023-03-03 16:00:00,33119.2,33264.3,33112.2,33248.3,33121.6,33266.7,33114.6,33250.7,19943
2023-03-03 17:00:00,33250.3,33288.3,33220.3,33285.3,33252.7,33290.7,33222.7,33287.7,11443
2023-03-03 18:00:00,33286.3,33313.2,33268.2,33284.7,33288.7,33315.6,33270.6,33287.1,8795
2023-03-03 19:00:00,33286.2,33355.3,33262.7,33354.3,33288.6,33357.7,33265.1,33356.7,8996
2023-03-03 20:00:00,33354.8,33406.8,33339.8,33390.3,33357.2,33409.2,33342.2,33392.7,17131
2023-03-03 21:00:00,33389.1,33407.6,33361.1,33395.0,33393.9,33412.4,33365.9,33404.8,3729
2023-03-05 23:00:00,33359.6,33360.6,33333.1,33347.6,33364.4,33365.4,33337.9,33352.4,1583
2023-03-06 00:00:00,33347.1,33365.1,33339.1,33359.6,33351.9,33369.9,33343.9,33364.4,1007
2023-03-06 01:00:00,33359.1,33386.6,33343.6,33378.1,33363.9,33391.4,33348.4,33382.9,1618
2023-03-06 02:00:00,33378.6,33447.6,33365.6,33427.6,33383.4,33452.4,33370.4,33432.4,2489
2023-03-06 03:00:00,33428.1,33433.6,33410.1,33421.6,33432.9,33438.4,33414.9,33426.4,839
2023-03-06 04:00:00,33422.1,33428.6,33393.1,33396.6,33426.9,33433.4,33397.9,33401.4,586
2023-03-06 05:00:00,33397.1,33406.6,33390.6,33404.6,33401.9,33411.4,33395.4,33409.4,396
2023-03-06 06:00:00,33404.1,33412.6,33386.1,33405.1,33408.9,33417.4,33390.9,33409.9,590
2023-03-06 07:00:00,33405.7,33414.7,33373.7,33388.2,33409.3,33418.3,33377.3,33391.8,1670
2023-03-06 08:00:00,33387.7,33424.2,33361.2,33399.2,33391.3,33427.8,33364.8,33402.8,2698
2023-03-06 09:00:00,33398.7,33401.7,33355.7,33374.7,33402.3,33405.3,33359.3,33378.3,3221
2023-03-06 10:00:00,33373.2,33393.2,33351.2,33384.2,33376.8,33396.8,33354.8,33387.8,2017
2023-03-06 11:00:00,33384.7,33398.2,33337.7,33344.2,33388.3,33401.8,33341.3,33347.8,2444
2023-03-06 12:00:00,33345.2,33360.7,33339.2,33356.2,33348.8,33364.3,33342.8,33359.8,1396
